メーカー,車種,年式,シフト,走行,型式,評価,価格,更新年月,グレード,排気量,車検,色,装備,グレード_fixed,排気量_fixed,車検_fixed,色_fixed,装備_fixed
メーカー,車種,年式,シフト,走行,型式,評価,価格(万円),更新年月 ▲,グレード,排気量,車検,色,装備,グレード,,,,排気量
テスラ,モデル３ 4WD,2020,ＡＴ,3L23,4.5,nan,nan,null年 月,,0,,パール,AC NV TV AW SR 革,,,,,
テスラ,モデルＹ 2WD,2022,ＣＡＴ,29,YL1YT,5 - すごくきれい,252 ～ 256,2025年09月,ガンＭ,,,,000 AC NV TV AW SR 革,,,,,
テスラ,モデル３ 4WD,2023,ＣＡＴ,17,3L23T,3 - 普通,220 ～ 223,2025年09月,,,8.4,パール,000 AC NV TV AW SR 革,,,,,
テスラ,モデル３ 4WD,2021,ＡＴ,23,3L23,4 - きれい,195 ～ 199,2025年09月,,,,白,000 AC NV TV AW SR 革,,,,,
テスラ,モデル３ 4WD,2020,ＣＡＴ,158,3L23,3 - 普通,119 ～ 122,2025年09月,,,,白,000 AC NV TV AW SR 革,,,,,
テスラ,モデル３ 5D 4WD,2020,ＣＡＴ,50,3L23P,5 - すごくきれい,191 ～ 197,2025年09月,パフォーマンス,,,黒,000 AC SR 革,,,,,
テスラ,モデル３ 4WD,2022,ＣＡＴ,28,3L23T,5 - すごくきれい,233 ～ 238,2025年09月,,,,青,000 AC NV TV AW SR 革,,,,,
テスラ,モデル３ 2WD,2023,ＣＡＴ,33,3L13T,5 - すごくきれい,238 ～ 243,2025年09月,,,9.2,白,000 AC NV TV AW SR 革,,,,,
テスラ,モデル３ 2WD,2022,ＣＡＴ,15,3L13T,5 - すごくきれい,195 ～ 199,2025年09月,ガンＭ,,,,000 AC NV TV AW SR 革,,,,,
テスラ,モデルＳ 2WD,2019,ＡＴ,46,5 - すごくきれい,230 ～ 234,nan,2025年09月,,,,パール,000 AC NV TV AW SR 革,,,,,
テスラ,モデル３ 4WD,2021,ＡＴ,40,3L23,5 - すごくきれい,203 ～ 207,2025年09月,,,8.7,グレー,000 AC NV TV AW SR 革,,,,,
テスラ,モデル３ 5D 2WD,2021,ＡＴ,90,3L13,5 - すごくきれい,140 ～ 144,2025年09月,スタンダードレンジプラス,,,パール,000 AC NV TV AW,,,,,
テスラ,モデル３ 4WD,2024,ＡＴ,3,3L23T,5 - すごくきれい,394 ～ 400,2025年09月,,,9.7,パール,000 AC NV TV AW SR 革,,,,,
テスラ,モデル３ 4WD,2021,ＡＴ,91,3L23,4 - きれい,138 ～ 142,2025年09月,,,,パール,000 AC NV TV AW 革,,,,,
テスラ,モデル３ 5D 2WD,2021,ＡＴ,47,3L13B,5 - すごくきれい,177 ～ 182,2025年09月,スタンダードレンジプラス,,8.8,パール,000 AC NV TV AW SR 革,,,,,
テスラ,モデルＹ 2WD,2022,ＣＡＴ,34,YL1YT,5 - すごくきれい,275 ～ 278,2025年09月,,,7.9,パール,000 AC NV TV AW SR 革,,,,,
テスラ,モデル３ 2WD,2022,ＡＴ,32,3L13T,5 - すごくきれい,214 ～ 217,2025年09月,,,,パール,000 AC NV TV AW SR,,,,,
テスラ,モデルＹ 2WD,2022,ＣＡＴ,33,YL1YT,5 - すごくきれい,268 ～ 273,2025年09月,,,,黒,000 AC NV TV AW SR 革,,,,,
テスラ,モデルＹ 5D 2WD,2022,ＣＡＴ,57,YL1YT,5 - すごくきれい,231 ～ 236,2025年09月,ＲＷＤ,,,パール,000 AC NV TV AW SR 革,,,,,
テスラ,モデルＹ 5D 2WD,2022,ＣＡＴ,20,YL1YT,5 - すごくきれい,280 ～ 284,2025年09月,ＲＷＤ,,,パール,000 AC NV TV AW SR 革,,,,,
テスラ,モデルＹ 2WD,2022,ＣＡＴ,53,YL1YT,5 - すごくきれい,250 ～ 253,2025年09月,,,,黒,000 AC NV TV AW SR 革,,,,,
テスラ,モデル３ 4WD,2022,ＡＴ,51,3L23T,5 - すごくきれい,227 ～ 231,2025年09月,,,7.10,白,000 AC NV TV AW 革,,,,,
テスラ,モデル３ 5D 4WD,2021,ＣＡＴ,25,3L23B,4 - きれい,203 ～ 208,2025年09月,ロングレンジ,,8.6,パール,000 AC NV TV AW 革,,,,,
テスラ,モデル３ 4WD,2019,ＡＴ,34,3L23,4 - きれい,197 ～ 202,2025年09月,,,8.10,パール,000 AC NV TV AW SR 革,,,,,
テスラ,モデルＸ 5D 2WD,2020,ＡＴ,108,4 - きれい,326 ～ 330,nan,2025年09月,ロングレンジ,,,パール,000 AC NV TV AW SR 革,,,,,
テスラ,モデル３ 5D 2WD,2021,ＡＴ,96,3L13B,5 - すごくきれい,133 ～ 136,2025年09月,スタンダードレンジプラス,,,パール,000 AC NV TV 革,,,,,
テスラ,モデルＹ 2WD,2022,ＣＡＴ,11,YL1YT,5 - すごくきれい,278 ～ 282,2025年09月,,,7.10,パール,000 AC NV TV AW SR 革,,,,,
テスラ,モデル３ 4WD,2024,ＡＴ,4,3L23T,4 - きれい,298 ～ 302,2025年09月,,,9.4,ワイン,000 AC NV TV AW SR 革,,,,,
テスラ,モデル３ 5D 2WD,2021,ＡＴ,38,3L13B,5 - すごくきれい,195 ～ 201,2025年09月,スタンダードレンジプラス,,8.10,白,000 AC NV TV AW SR 革,,,,,
テスラ,モデル３ 4WD,2021,ＡＴ,66,3L23,5 - すごくきれい,184 ～ 188,2025年09月,,,8.3,白,000 AC NV TV AW SR 革,,,,,
テスラ,モデル３ 2WD,2023,ＣＡＴ,14,3L13T,5 - すごくきれい,232 ～ 235,2025年09月,グレーＭ,,8.9,,000 AC NV TV AW SR 革,,,,,
テスラ,モデル３ 5D 4WD,2021,ＣＡＴ,25,3L23B,5 - すごくきれい,218 ～ 224,2025年09月,ロングレンジ,,8.7,パール,000 AC NV TV SR 革,,,,,
テスラ,モデルＹ 5D 2WD,2024,ＡＴ,8,YL1YT,3 - 普通,215 ～ 219,2025年09月,ＲＷＤ,,,黒,000 AC,,,,,
テスラ,モデル３ 5D 4WD,2021,ＡＴ,39,3L23B,5 - すごくきれい,218 ～ 223,2025年09月,ロングレンジ,,8.8,パール,000 AC NV TV AW SR,,,,,
テスラ,モデルＹ 5D 2WD,2023,ＣＡＴ,35,YL1YT,5 - すごくきれい,269 ～ 272,2025年09月,ＲＷＤ,,,白,000 AC NV TV AW SR 革,,,,,
テスラ,モデル３ 5D 4WD,2021,ＣＡＴ,49,3L23,5 - すごくきれい,190 ～ 196,2025年09月,ロングレンジ ＡＷＤ,,8.7,白,000 AC AW SR,,,,,
テスラ,モデルＹ 2WD,2022,ＣＡＴ,39,YL1YT,5 - すごくきれい,258 ～ 264,2025年09月,,,,青,000 AC NV TV SR,,,,,
テスラ,モデル３ 5D 2WD,2024,ＡＴ,5,3L13T,5 - すごくきれい,358 ～ 363,2025年09月,ＲＷＤ,,9.11,パール,000 AC NV TV AW,,,,,
テスラ,モデルＹ 5D 2WD,2022,ＣＡＴ,32,YL1YT,4 - きれい,259 ～ 264,2025年09月,ベースグレード,,,黒,000 AC NV TV AW SR,,,,,
テスラ,モデルＹ 5D 2WD,2023,ＡＴ,13,YL1YT,5 - すごくきれい,281 ～ 287,2025年09月,ＲＷＤ,,8.8,パール,000 AC NV TV AW SR 革,,,,,
テスラ,モデルＹ 5D 2WD,2024,ＣＡＴ,10,YL1YT,5 - すごくきれい,295 ～ 298,2025年09月,ＲＷＤ,,,黒,000 AC SR 革,,,,,
テスラ,モデル３ 5D 4WD,2021,ＣＡＴ,54,3L23B,5 - すごくきれい,206 ～ 208,2025年09月,ロングレンジ,,8.10,白,000 AC NV TV AW SR 革,,,,,
テスラ,モデル３ 5D 2WD,2020,ＡＴ,51,3L13,5 - すごくきれい,155 ～ 159,2025年09月,スタンダードレンジプラス,,,パール,000 AC NV TV AW 革,,,,,
テスラ,モデルＳ 5D 2WD,2017,ＡＴ,83,4 - きれい,150 ～ 154,nan,2025年09月,75,,9.3,黒,000 AC NV TV AW SR 革,,,,,
テスラ,モデル３ 2WD,2022,ＣＡＴ,31,3L13T,5 - すごくきれい,217 ～ 222,2025年09月,,,8.1,黒,000 AC NV TV AW SR 革,,,,,
テスラ,モデルＹ 2WD,2022,ＡＴ,45,YL1YT,4 - きれい,246 ～ 250,2025年09月,,,,グレー,000 AC NV TV AW SR 革,,,,,
テスラ,モデルＳ 5D 4WD,2016,ＣＡＴ,31,5 - すごくきれい,243 ～ 246,nan,2025年09月,Ｐ１００Ｄ,,8.7,シルバー,000 AC NV TV AW SR 革,,,,,
テスラ,モデル３ 4WD,2021,ＡＴ,43,3L23,5 - すごくきれい,209 ～ 211,2025年09月,,,8.7,白,000 AC NV TV AW,,,,,
テスラ,モデル３ 5D 4WD,2020,ＡＴ,26,3L23P,3 - 普通,182 ～ 187,2025年09月,パフォーマンス,,,赤,000 AC NV TV AW SR 革,,,,,
テスラ,モデルＳ 5D 2WD,2017,ＡＴ,42,4 - きれい,163 ～ 166,nan,2025年09月,75,,8.7,黒,000 AC NV TV AW SR 革,,,,,
テスラ,モデルＹ 5D 2WD,2024,ＣＡＴ,2,YL1YT,5 - すごくきれい,298 ～ 301,2025年09月,ＲＷＤ,,9.3,白,000 AC NV TV AW SR 革,,,,,
テスラ,モデル３ 5D 2WD,2021,ＡＴ,32,3L13,4 - きれい,180 ～ 183,2025年09月,スタンダードレンジプラス,,8.4,白,000 AC NV TV AW SR 革,,,,,
テスラ,モデル３ 5D 4WD,2021,ＣＡＴ,27,3L23B,5 - すごくきれい,221 ～ 225,2025年09月,ロングレンジ,,8.6,白,000 AC NV TV AW SR 革,,,,,
テスラ,モデルＹ 5D 2WD,2025,ＣＡＴ,4,YL1YT,5 - すごくきれい,419 ～ 425,2025年09月,ＲＷＤ,,10.10,白,000 AC NV TV AW SR 革,,,,,
テスラ,モデル３ 5D 2WD,2020,ＡＴ,73,3L13,4 - きれい,142 ～ 146,2025年09月,スタンダードレンジプラス,,8.1,パール,000 AC NV TV AW SR 革,,,,,
テスラ,モデル３ 5D 2WD,2021,ＣＡＴ,26,3L13,3 - 普通,154 ～ 157,2025年09月,スタンダードレンジプラス,,,パール,000 AC NV TV AW SR 革,,,,,
テスラ,モデルＸ 5D 4WD,2019,ＣＡＴ,58,5 - すごくきれい,311 ～ 317,nan,2025年09月,１００Ｄ,,8.6,グレー,000 AC NV TV AW SR 革,,,,,
テスラ,モデル３ 4WD,2024,ＡＴ,9,3L23T,5 - すごくきれい,353 ～ 355,2025年09月,,,10.2,赤,000 AC NV TV AW SR 革,,,,,
テスラ,モデル３ 4WD,2022,ＣＡＴ,46,3L23T,5 - すごくきれい,215 ～ 218,2025年09月,,,9.4,パール,000 AC NV TV SR 革,,,,,
テスラ,モデルＸ 5D 4WD,2023,ＡＴ,14,XLP,5 - すごくきれい,852 ～ 856,2025年09月,プラッド,,9.1,黒,000 AC NV TV AW SR 革,,,,,
テスラ,モデル３ 2WD,2022,ＣＡＴ,18,3L13T,5 - すごくきれい,207 ～ 212,2025年09月,,,,グレー,000 AC NV TV AW SR 革,,,,,
テスラ,モデル３ 5D 4WD,2019,ＣＡＴ,54,3L23P,5 - すごくきれい,204 ～ 207,2025年09月,パフォーマンス,,8.8,シルバー,000 AC NV TV AW SR 革,,,,,
テスラ,モデル３ 2WD,2022,ＡＴ,62,3L13T,5 - すごくきれい,176 ～ 180,2025年09月,,,9.4,パール,000 AC NV TV AW SR 革,,,,,
テスラ,モデル３ 5D 2WD,2021,ＣＡＴ,46,3L13B,5 - すごくきれい,176 ～ 181,2025年09月,スタンダードレンジプラス,,8.11,パール,000 AC NV TV AW SR 革,,,,,
テスラ,モデル３ 4WD,2022,ＣＡＴ,23,3L23T,5 - すごくきれい,234 ～ 237,2025年09月,,,9.5,青,000 AC NV TV AW SR 革,,,,,
テスラ,モデル３ 5D 4WD,2021,ＡＴ,136,3L23,4 - きれい,147 ～ 152,2025年09月,ロングレンジ ＡＷＤ,,8.11,白,000 AC NV TV,,,,,
テスラ,モデル３ 5D 2WD,2022,ＣＡＴ,56,3L13T,5 - すごくきれい,178 ～ 181,2025年09月,ＲＷＤ,,7.9,黒,000 AC NV TV AW SR 革,,,,,
テスラ,モデルＳ 4WD,2020,ＡＴ,150,3 - 普通,205 ～ 207,nan,2025年09月,,,7.6,白,000 AC NV TV AW SR 革,,,,,
テスラ,モデル３ 5D 2WD,2021,ＡＴ,56,3L13,5 - すごくきれい,173 ～ 177,2025年09月,スタンダードレンジプラス,,,パール,000 AC NV TV AW SR 革,,,,,
テスラ,モデル３ 5D 4WD,2021,ＣＡＴ,20,3L23B,5 - すごくきれい,228 ～ 232,2025年09月,ロングレンジ,,,パール,000 AC NV TV AW SR 革,,,,,
テスラ,モデル３ 5D 4WD,2021,ＡＴ,2,3L23B,5 - すごくきれい,251 ～ 254,2025年09月,ロングレンジ,,8.10,パール,000 AC NV TV AW SR 革,,,,,
テスラ,モデル３ 5D 2WD,2020,ＣＡＴ,24,3L13,5 - すごくきれい,188 ～ 193,2025年09月,スタンダードレンジプラス,,8.1,パール,000 AC NV TV AW SR 革,,,,,
テスラ,モデルＸ 5D 4WD,2019,ＡＴ,39,-1 - 修復歴あり,205 ～ 209,nan,2025年09月,１００Ｄ,,,グレー,000 AC NV TV AW SR 革,,,,,
テスラ,モデルＹ 4WD,2024,ＣＡＴ,15,YL3YT,5 - すごくきれい,322 ～ 326,2025年09月,,,9.5,パール,000 AC SR,,,,,
テスラ,モデル３ 5D 4WD,2021,ＣＡＴ,44,3L23B,5 - すごくきれい,205 ～ 209,2025年09月,ロングレンジ,,8.12,グレー,000 AC NV TV AW SR,,,,,
テスラ,モデル３ 5D 4WD,2021,ＡＴ,83,3L23B,5 - すごくきれい,171 ～ 175,2025年09月,ロングレンジ,,8.7,黒,000 AC NV TV AW SR 革,,,,,
テスラ,モデルＹ 5D 4WD,2022,ＣＡＴ,34,YL3YPT,5 - すごくきれい,297 ～ 300,2025年09月,パフォーマンス,,7.8,パール,000 AC SR,,,,,
テスラ,モデルＳ 4WD,2018,ＡＴ,113,4 - きれい,161 ～ 166,nan,2025年09月,,,,シルバー,000 AC NV TV AW SR 革,,,,,
テスラ,モデル３ 4WD,2019,ＡＴ,248,3L23,3 - 普通,89 ～ 93,2025年09月,,,,パール,000 AC NV TV AW SR 革,,,,,
テスラ,モデルＹ 5D 4WD,2024,ＣＡＴ,25,YL3YPT,5 - すごくきれい,338 ～ 342,2025年09月,パフォーマンス,,9.5,パール,000 AC SR 革,,,,,
テスラ,モデルＹ 5D 4WD,2022,ＡＴ,38,YL3YPT,5 - すごくきれい,314 ～ 318,2025年09月,パフォーマンス,,8.2,パール,000 AC NV TV AW SR 革,,,,,
テスラ,モデルＳ 5D 4WD,2016,ＡＴ,66,5 - すごくきれい,187 ～ 192,nan,2025年09月,９０Ｄ,,8.2,黒,000 AC NV TV AW SR 革,,,,,
テスラ,モデルＹ 5D 2WD,2023,ＣＡＴ,45,YL1YT,5 - すごくきれい,261 ～ 265,2025年09月,ＲＷＤ,,8.4,パール,000 AC NV TV AW SR 革,,,,,
テスラ,モデル３ 5D 4WD,2021,ＣＡＴ,23,3L23B,4 - きれい,207 ～ 211,2025年09月,ロングレンジ,,9.1,グレー,000 AC NV TV AW SR 革,,,,,
テスラ,モデル３ 5D 4WD,2019,ＡＴ,35,3L23P,5 - すごくきれい,184 ～ 189,2025年09月,パフォーマンス,,,青,000 AC NV TV AW SR 革,,,,,
テスラ,モデルＹ 2WD,2022,ＡＴ,66,YL1YT,5 - すごくきれい,234 ～ 239,2025年09月,,,,パール,000 AC SR 革,,,,,
テスラ,モデル３ 5D 2WD,2021,ＡＴ,29,3L13,5 - すごくきれい,198 ～ 201,2025年09月,スタンダードレンジプラス,,7.12,パール,000 AC NV TV AW SR 革,,,,,
テスラ,モデルＹ 5D 4WD,2022,ＡＴ,21,YL3YPT,5 - すごくきれい,334 ～ 338,2025年09月,パフォーマンス,,7.9,黒,000 AC NV TV AW SR 革,,,,,
テスラ,モデルＹ 2WD,2022,ＡＴ,22,YL1YT,5 - すごくきれい,258 ～ 261,2025年09月,,,7.7,黒,000 AC NV TV AW SR 革,,,,,
テスラ,モデル３ 5D 4WD,2021,ＡＴ,59,3L23B,5 - すごくきれい,188 ～ 193,2025年09月,ロングレンジ,,8.9,グレー,000 AC NV TV AW SR 革,,,,,
テスラ,モデル３ 5D 2WD,2021,ＡＴ,33,3L13,5 - すごくきれい,186 ～ 188,2025年09月,スタンダードレンジプラス,,8.10,パール,000 AC NV TV AW SR 革,,,,,
テスラ,モデル３ 4WD,2024,ＡＴ,20,3L24PT,5 - すごくきれい,434 ～ 438,2025年09月,,,9.11,赤,000 AC NV TV AW SR 革,,,,,
テスラ,モデル３ 5D 2WD,2021,ＡＴ,19,3L13B,5 - すごくきれい,188 ～ 193,2025年09月,スタンダードレンジプラス,,8.9,パール,000 AC NV TV SR 革,,,,,
テスラ,モデルＹ 2WD,2022,ＣＡＴ,16,YL1YT,5 - すごくきれい,264 ～ 268,2025年09月,,,,パール,000 AC NV TV AW SR,,,,,
テスラ,モデル３ 5D 2WD,2021,ＡＴ,44,3L13,5 - すごくきれい,169 ～ 174,2025年09月,スタンダードレンジプラス,,8.6,パール,000 AC NV TV AW SR 革,,,,,
テスラ,モデル３ 5D 4WD,2021,ＣＡＴ,42,3L23B,5 - すごくきれい,212 ～ 217,2025年09月,ロングレンジ,,,パール,000 AC NV TV AW SR 革,,,,,
テスラ,モデルＹ 5D 2WD,2023,ＡＴ,31,YL1YT,5 - すごくきれい,285 ～ 287,2025年09月,ＲＷＤ,,7.12,パール,000 AC NV TV AW SR 革,,,,,
テスラ,モデル３ 5D 4WD,2021,ＣＡＴ,26,3L23B,5 - すごくきれい,212 ～ 216,2025年09月,ロングレンジ,,,,000 AC NV TV AW SR 革,,,,,
テスラ,モデル３ 5D 2WD,2021,ＣＡＴ,54,3L13B,5 - すごくきれい,159 ～ 162,2025年09月,スタンダードレンジプラス,,8.7,白,000 AC NV TV AW SR 革,,,,,
テスラ,モデル３ 5D 2WD,2021,ＣＡＴ,25,3L13,5 - すごくきれい,184 ～ 187,2025年09月,スタンダードプラス,,8.5,パール,000 AC NV TV AW SR 革,,,,,
テスラ,モデルＸ 5D 4WD,2019,ＡＴ,52,5 - すごくきれい,297 ～ 300,nan,2025年09月,７５Ｄ,,8.4,白,000 AC NV TV AW SR 革,,,,,
テスラ,モデル３ 4WD,2021,ＣＡＴ,24,3L23,5 - すごくきれい,211 ～ 215,2025年09月,,,8.3,パール,000 AC NV TV AW SR 革,,,,,
テスラ,モデル３ 4WD,2021,ＡＴ,28,3L23,5 - すごくきれい,218 ～ 224,2025年09月,,,8.8,パール,000 AC NV TV AW SR 革,,,,,
テスラ,モデルＸ 5D 4WD,2019,ＣＡＴ,72,5 - すごくきれい,303 ～ 307,nan,2025年09月,１００Ｄ,,8.12,青,000 AC NV TV AW SR 革,,,,,
テスラ,モデル３ 5D 4WD,2021,ＡＴ,16,3L23B,5 - すごくきれい,211 ～ 215,2025年09月,ロングレンジ,,8.6,パール,000 AC NV TV AW SR 革,,,,,
テスラ,モデル３ 4WD,2019,ＡＴ,72,3L23,4 - きれい,169 ～ 172,2025年09月,,,8.6,赤,000 AC NV TV AW SR 革,,,,,
テスラ,モデル３ 2WD,2021,ＡＴ,5,3L13B,5 - すごくきれい,198 ～ 201,2025年09月,,,8.6,パール,000 AC NV TV AW SR 革,,,,,
テスラ,モデル３ 2WD,2022,ＡＴ,56,3L13T,5 - すごくきれい,162 ～ 166,2025年09月,,,9.3,パール,000 AC NV TV AW SR 革,,,,,
テスラ,モデルＳ 2WD,2021,ＣＡＴ,29,5 - すごくきれい,427 ～ 431,nan,2025年09月,,,7.11,青,000 AC NV TV AW SR 革,,,,,
テスラ,モデルＹ 2WD,2022,ＣＡＴ,29,YL1YT,5 - すごくきれい,289 ～ 295,2025年09月,,,7.7,パール,000 AC NV TV AW SR 革,,,,,
テスラ,モデルＹ 5D 2WD,2024,ＣＡＴ,29,YL1YT,5 - すごくきれい,348 ～ 351,2025年09月,ＲＷＤ,,9.11,白,000 AC NV TV AW SR 革,,,,,
テスラ,モデル３ 2WD,2022,ＡＴ,54,3L13T,5 - すごくきれい,164 ～ 167,2025年09月,,,9.9,パール,000 AC NV TV AW SR 革,,,,,
テスラ,モデル３ 5D 2WD,2021,ＣＡＴ,13,3L13B,4 - きれい,177 ～ 181,2025年09月,スタンダードレンジプラス,,8.6,青,000 AC NV TV AW SR 革,,,,,
テスラ,モデル３ 5D 2WD,2020,ＣＡＴ,31,3L13,5 - すごくきれい,164 ～ 170,2025年09月,スタンダードレンジプラス,,8.6,パール,000 AC NV TV AW SR 革,,,,,
テスラ,モデルＹ 2WD,2022,ＣＡＴ,44,YL1YT,5 - すごくきれい,250 ～ 255,2025年09月,,,7.9,グレー,000 AC NV TV AW SR 革,,,,,
テスラ,モデル３ 5D 4WD,2019,ＣＡＴ,33,3L23P,5 - すごくきれい,205 ～ 208,2025年09月,パフォーマンス,,8.11,パール,000 AC NV TV AW SR 革,,,,,
テスラ,モデル３ 2WD,2021,ＡＴ,46,3L13B,5 - すごくきれい,150 ～ 154,2025年09月,,,8.10,パール,000 AC NV TV AW SR 革,,,,,
テスラ,モデル３ 4WD,2021,ＣＡＴ,60,3L23B,5 - すごくきれい,188 ～ 193,2025年09月,,,9.1,パール,000 AC NV TV AW SR 革,,,,,
テスラ,モデル３ 5D 2WD,2021,ＡＴ,70,3L13B,5 - すごくきれい,153 ～ 156,2025年09月,スタンダードレンジプラス,,,パール,000 AC NV TV AW 革,,,,,
テスラ,モデル３ 4WD,2021,ＣＡＴ,15,3L23,5 - すごくきれい,230 ～ 233,2025年09月,,,8.7,パール,000 AC NV TV AW SR 革,,,,,
テスラ,モデル３ 5D 2WD,2021,ＡＴ,30,3L13,5 - すごくきれい,140 ～ 143,2025年09月,スタンダードレンジプラス,,9.7,パール,000 AC NV TV AW SR 革,,,,,
テスラ,モデル３ 4WD,2022,ＡＴ,47,3L23T,5 - すごくきれい,208 ～ 212,2025年09月,,,9.4,赤,000 AC NV TV AW SR 革,,,,,
テスラ,モデル３ 5D 2WD,2021,ＡＴ,124,3L13,4 - きれい,126 ～ 128,2025年08月,スタンダードレンジプラス,,,パール,000 AC NV TV AW SR 革,,,,,
テスラ,モデルＹ 5D 4WD,2022,ＣＡＴ,7,YL3YPT,5 - すごくきれい,338 ～ 342,2025年08月,パフォーマンス,,7.9,パール,000 AC SR 革,,,,,
テスラ,モデル３ 2WD,2022,ＡＴ,47,3L13T,5 - すごくきれい,180 ～ 184,2025年08月,,,,白,000 AC NV TV AW SR 革,,,,,
テスラ,モデルＳ 5D 2WD,2014,ＡＴ,140,SL1SA,4 - きれい,76 ～ 80,2025年08月,85,,,黒,000 AC NV TV AW SR 革,,,,,
テスラ,モデルＹ 5D 2WD,2022,ＣＡＴ,33,YL1YT,5 - すごくきれい,253 ～ 256,2025年08月,ベースグレード,,,青,000 AC NV TV SR,,,,,
テスラ,モデル３ 5D 2WD,2019,ＣＡＴ,33,3L13,5 - すごくきれい,163 ～ 167,2025年08月,スタンダードレンジプラス,,9.2,グレー,000 AC NV TV AW SR 革,,,,,
テスラ,モデルＹ 4WD,2024,ＣＡＴ,29,YL3YPT,5 - すごくきれい,315 ～ 318,2025年08月,,,9.9,白,000 AC 革,,,,,
テスラ,モデル３ 5D 2WD,2021,ＡＴ,52,3L13,5 - すごくきれい,161 ～ 164,2025年08月,スタンダードレンジプラス,,,パール,000 AC NV TV AW SR 革,,,,,
テスラ,モデル３ 5D 4WD,2021,ＡＴ,23,3L23B,5 - すごくきれい,229 ～ 234,2025年08月,ロングレンジ,,8.10,パール,000 AC NV TV AW SR 革,,,,,
テスラ,モデル３ 5D 2WD,2020,ＣＡＴ,26,3L13,5 - すごくきれい,182 ～ 185,2025年08月,スタンダードレンジプラス,,8.3,黒,000 AC NV TV AW SR 革,,,,,
テスラ,モデルＹ 5D 2WD,2024,ＣＡＴ,13,YL1YT,5 - すごくきれい,283 ～ 287,2025年08月,ＲＷＤ,,8.12,パール,000 AC NV TV AW SR 革,,,,,
テスラ,モデルＹ 5D 2WD,2023,ＡＴ,69,YL1YT,5 - すごくきれい,219 ～ 222,2025年08月,ＲＷＤ,,8.1,白,000 AC NV TV AW SR 革,,,,,
テスラ,モデルＹ 5D 2WD,2023,ＣＡＴ,33,YL1YT,4 - きれい,243 ～ 247,2025年08月,ＲＷＤ,,,白,000 AC NV TV AW SR 革,,,,,
テスラ,モデル３ 2WD,2022,ＣＡＴ,39,3L13T,5 - すごくきれい,190 ～ 194,2025年08月,,,,白,000 AC NV TV AW SR 革,,,,,
テスラ,モデル３ 2WD,2022,ＣＡＴ,45,3L13T,5 - すごくきれい,191 ～ 195,2025年08月,,,,白,000 AC NV TV AW SR 革,,,,,
テスラ,モデル３ 5D 4WD,2024,ＡＴ,16,3L23T,5 - すごくきれい,372 ～ 375,2025年08月,ロングレンジ ＡＷＤ,,9.2,パール,000 AC NV TV AW SR 革,,,,,
テスラ,モデル３ 5D 2WD,2021,ＡＴ,38,3L13B,4 - きれい,170 ～ 173,2025年08月,スタンダードレンジプラス,,8.8,グレー,000 AC NV TV AW SR 革,,,,,
テスラ,モデルＹ 5D 2WD,2023,ＡＴ,14,YL1YT,5 - すごくきれい,256 ～ 259,2025年08月,ＲＷＤ,,8.9,赤,000 AC NV TV AW SR 革,,,,,
テスラ,モデル３ 5D 2WD,2021,ＣＡＴ,33,3L13B,5 - すごくきれい,190 ～ 195,2025年08月,スタンダードレンジプラス,,8.7,パール,000 AC NV TV AW SR 革,,,,,
テスラ,モデル３ 4WD,2021,ＣＡＴ,39,3L23,5 - すごくきれい,202 ～ 205,2025年08月,,,8.1,青,000 AC NV TV AW SR 革,,,,,
テスラ,モデル３ 5D 4WD,2021,ＣＡＴ,66,3L23B,5 - すごくきれい,169 ～ 173,2025年08月,ロングレンジ,,,パール,000 AC NV TV AW SR 革,,,,,
テスラ,モデル３ 5D 4WD,2021,ＡＴ,34,3L23B,5 - すごくきれい,206 ～ 209,2025年08月,ロングレンジ,,8.7,白,000 AC NV TV AW SR 革,,,,,
テスラ,モデル３ 5D 4WD,2021,ＣＡＴ,22,3L23B,5 - すごくきれい,210 ～ 214,2025年08月,ロングレンジ,,9.2,パール,000 AC NV TV AW SR 革,,,,,
テスラ,モデルＹ 5D 4WD,2023,ＣＡＴ,33,YL3YPT,5 - すごくきれい,300 ～ 305,2025年08月,パフォーマンス,,8.10,白,000 AC SR 革,,,,,
テスラ,モデル３ 4WD,2021,ＣＡＴ,39,3L23,5 - すごくきれい,202 ～ 206,2025年08月,,,7.12,青,000 AC NV TV AW SR 革,,,,,
テスラ,モデル３ 5D 2WD,2021,ＡＴ,24,3L13,5 - すごくきれい,186 ～ 188,2025年08月,スタンダードレンジプラス,,,パール,000 AC NV TV AW SR 革,,,,,
テスラ,モデル３ 5D 2WD,2022,ＣＡＴ,57,3L13T,5 - すごくきれい,166 ～ 170,2025年08月,ＲＷＤ,,,パール,000 AC SR 革,,,,,
テスラ,モデル３ 4WD,2022,ＣＡＴ,23,3L23T,5 - すごくきれい,209 ～ 215,2025年08月,,,9.9,青,000 AC NV TV AW SR 革,,,,,
テスラ,モデルＹ 5D 2WD,2023,ＣＡＴ,34,YL1YT,4 - きれい,239 ～ 241,2025年08月,ＲＷＤ,,8.11,黒,000 AC NV TV AW SR 革,,,,,
テスラ,モデルＳ 5D 4WD,2017,ＡＴ,45,4 - きれい,265 ～ 269,nan,2025年08月,Ｐ１００Ｄ,,7.12,白,000 AC NV TV AW SR 革,,,,,
テスラ,モデルＳ 5D 2WD,2018,ＡＴ,46,5 - すごくきれい,274 ～ 278,nan,2025年08月,Ｐ１００Ｄ,,,グレー,000 AC NV TV AW SR 革,,,,,
テスラ,モデル３ 4WD,2022,ＣＡＴ,24,3L23T,5 - すごくきれい,211 ～ 213,2025年08月,,,9.8,青,000 AC NV TV AW SR 革,,,,,
テスラ,モデル３ 4WD,2021,ＣＡＴ,59,3L23,5 - すごくきれい,196 ～ 202,2025年08月,,,,赤,000 AC NV TV AW SR 革,,,,,
テスラ,モデル３ 4WD,2021,ＡＴ,40,3L23,5 - すごくきれい,211 ～ 213,2025年08月,,,8.5,パール,000 AC NV TV AW SR 革,,,,,
テスラ,モデル３ 5D 2WD,2021,ＣＡＴ,25,3L13B,5 - すごくきれい,192 ～ 196,2025年08月,スタンダードレンジプラス,,8.10,白,000 AC NV TV AW SR 革,,,,,
テスラ,モデル３ 4WD,2021,ＡＴ,40,3L23,5 - すごくきれい,210 ～ 215,2025年08月,,,8.3,パール,000 AC NV TV AW SR 革,,,,,
テスラ,モデル３ 4WD,2021,ＣＡＴ,54,3L23,5 - すごくきれい,196 ～ 200,2025年08月,,,,赤,000 AC NV TV AW SR 革,,,,,
テスラ,モデルＹ 5D 2WD,2023,ＣＡＴ,20,YL1YT,5 - すごくきれい,266 ～ 269,2025年08月,ＲＷＤ,,,パール,000 AC NV TV AW SR 革,,,,,
テスラ,モデルＳ 2WD,2014,ＣＡＴ,80,SL1S2A,4 - きれい,120 ～ 123,2025年08月,,,8.1,黒,000 AC NV TV AW SR 革,,,,,
テスラ,モデルＳ 2WD,2014,ＣＡＴ,85,SL1S2A,4 - きれい,118 ～ 122,2025年08月,,,7.9,黒,000 AC NV TV AW SR 革,,,,,
テスラ,モデルＹ 5D 4WD,2023,ＡＴ,25,YL3YPT,4 - きれい,304 ～ 307,2025年08月,パフォーマンス,,8.9,黒,000 AC NV TV AW SR 革,,,,,
テスラ,モデルＳ 5D 2WD,2014,ＡＴ,57,SL1S2A,4 - きれい,110 ～ 116,2025年08月,Ｐ８５ プラス,,,黒,000 AC NV TV AW SR 革,,,,,
テスラ,モデル３ 2WD,2024,ＡＴ,13,3L13T,5 - すごくきれい,330 ～ 334,2025年08月,,,9.7,グレー,000 AC NV TV AW SR 革,,,,,
テスラ,モデルＹ 2WD,2022,ＡＴ,69,YL1YT,5 - すごくきれい,225 ～ 231,2025年08月,,,,パール,000 AC NV TV AW SR 革,,,,,
テスラ,モデルＹ 2WD,2022,ＣＡＴ,18,YL1YT,5 - すごくきれい,287 ～ 290,2025年08月,,,8.1,黒,000 AC NV TV AW 革,,,,,
テスラ,モデルＹ 2WD,2022,ＡＴ,65,YL1YT,5 - すごくきれい,225 ～ 230,2025年08月,,,,パール,000 AC NV TV AW SR 革,,,,,
テスラ,モデルＹ 2WD,2022,ＣＡＴ,19,YL1YT,5 - すごくきれい,287 ～ 292,2025年08月,,,7.10,黒,000 AC NV TV AW 革,,,,,
テスラ,モデル３ 5D 2WD,2022,ＣＡＴ,11,3L13T,4 - きれい,204 ～ 208,2025年08月,ＲＷＤ,,,黒,000 AC SR 革,,,,,
テスラ,モデル３ 2WD,2022,ＡＴ,13,3L13T,5 - すごくきれい,212 ～ 217,2025年08月,,,7.7,パール,000 AC NV TV AW SR 革,,,,,
テスラ,モデル３ 5D 2WD,2021,ＣＡＴ,41,3L13B,5 - すごくきれい,171 ～ 177,2025年08月,スタンダードレンジプラス,,8.5,白,000 AC NV TV AW SR 革,,,,,
テスラ,モデル３ 5D 2WD,2021,ＡＴ,14,3L13B,5 - すごくきれい,177 ～ 181,2025年08月,スタンダードレンジプラス,,8.10,パール,000 AC NV TV AW SR 革,,,,,
テスラ,モデルＹ 5D 2WD,2023,ＣＡＴ,18,YL1YT,5 - すごくきれい,285 ～ 290,2025年08月,ＲＷＤ,,8.3,パール,000 AC NV TV AW SR 革,,,,,
テスラ,モデル３ 5D 2WD,2021,ＣＡＴ,30,3L13B,5 - すごくきれい,166 ～ 170,2025年08月,スタンダードレンジプラス,,8.4,パール,000 AC NV TV AW SR 革,,,,,
テスラ,モデルＹ 4WD,2024,ＡＴ,1,YL3YT,5 - すごくきれい,402 ～ 405,2025年08月,,,10.3,白,000 AC NV TV 革,,,,,
テスラ,モデルＹ 5D 2WD,2023,ＣＡＴ,27,YL1YT,4 - きれい,263 ～ 268,2025年08月,ＲＷＤ,,8.6,紺,000 AC SR 革,,,,,
テスラ,モデル３ 2WD,2022,ＡＴ,61,3L13T,5 - すごくきれい,158 ～ 161,2025年08月,,,,パール,000 AC NV TV AW 革,,,,,
テスラ,モデル３ 5D 2WD,2021,ＣＡＴ,45,3L13,5 - すごくきれい,207 ～ 209,2025年08月,スタンダードレンジプラス,,,白,000 AC NV TV AW SR 革,,,,,
テスラ,モデル３ 5D 2WD,2021,ＣＡＴ,88,3L13B,5 - すごくきれい,156 ～ 159,2025年08月,スタンダードレンジプラス,,8.9,白,000 AC NV TV AW SR 革,,,,,
テスラ,モデルＹ 5D 2WD,2022,ＣＡＴ,15,YL1YT,5 - すごくきれい,266 ～ 270,2025年08月,ベースグレード,,,白,000 AC AW SR,,,,,
テスラ,モデル３ 2WD,2021,ＣＡＴ,42,3L13B,5 - すごくきれい,169 ～ 172,2025年08月,,,8.4,パール,000 AC SR,,,,,
テスラ,モデルＳ 4WD,2019,ＣＡＴ,86,5 - すごくきれい,228 ～ 232,nan,2025年08月,,,8.6,白,000 AC NV TV AW SR 革,,,,,
テスラ,モデル３ 4WD,2024,ＡＴ,23,3L24PT,5 - すごくきれい,420 ～ 423,2025年08月,,,9.6,黒,000 AC NV TV AW SR,,,,,
テスラ,モデル３ 2WD,2022,ＣＡＴ,24,3L13T,5 - すごくきれい,206 ～ 210,2025年08月,,,,パール,000 AC NV TV AW SR 革,,,,,
テスラ,モデルＹ 5D 2WD,2023,ＡＴ,14,YL1YT,5 - すごくきれい,282 ～ 285,2025年08月,ＲＷＤ,,7.11,パール,000 AC NV TV AW SR 革,,,,,
テスラ,モデル３ 5D 2WD,2021,ＡＴ,29,3L13B,5 - すごくきれい,172 ～ 176,2025年08月,スタンダードレンジプラス,,8.4,パール,000 AC NV TV AW 革,,,,,
テスラ,モデル３ 5D 4WD,2020,ＣＡＴ,98,3L23P,5 - すごくきれい,166 ～ 169,2025年08月,パフォーマンス,,8.12,パール,000 AC NV TV AW SR 革,,,,,
テスラ,モデルＹ 5D 2WD,2023,ＡＴ,18,YL1YT,5 - すごくきれい,275 ～ 277,2025年08月,ＲＷＤ,,8.4,パール,000 AC NV TV AW SR 革,,,,,
テスラ,モデルＳ 5D 4WD,2016,ＣＡＴ,111,3 - 普通,175 ～ 181,nan,2025年08月,９０Ｄ,,8.6,パール,000 AC NV TV AW SR 革,,,,,
テスラ,モデルＸ 5D 4WD,2019,ＡＴ,39,4 - きれい,329 ～ 332,nan,2025年08月,１００Ｄ,,,グレー,000 AC NV TV AW SR 革,,,,,
テスラ,モデル３ 5D 2WD,2021,ＡＴ,45,3L13B,5 - すごくきれい,176 ～ 181,2025年08月,スタンダードレンジプラス,,8.10,パール,000 AC NV TV AW SR 革,,,,,
テスラ,モデルＹ 2WD,2022,ＣＡＴ,12,YL1YT,5 - すごくきれい,278 ～ 283,2025年08月,,,,白,000 AC NV TV AW SR 革,,,,,
テスラ,モデル３ 4WD,2021,ＡＴ,15,3L23,5 - すごくきれい,219 ～ 223,2025年08月,,,8.7,パール,000 AC NV TV AW SR 革,,,,,
テスラ,モデルＹ 2WD,2022,ＡＴ,21,YL1YT,4 - きれい,253 ～ 255,2025年08月,,,,紺,000 AC NV TV AW SR 革,,,,,
テスラ,モデル３ 4WD,2021,ＡＴ,8,3L23,4 - きれい,220 ～ 224,2025年08月,,,8.6,パール,000 AC NV TV AW SR 革,,,,,
テスラ,モデルＳ 5D 2WD,2014,ＣＡＴ,100,SL1SA,4 - きれい,80 ～ 84,2025年08月,85,,8.4,紺,000 AC NV TV AW SR 革,,,,,
テスラ,モデル３ 4WD,2021,ＡＴ,54,3L23,5 - すごくきれい,171 ～ 176,2025年08月,,,,パール,000 AC NV TV AW SR 革,,,,,
テスラ,モデルＹ 5D 4WD,2023,ＡＴ,6,YL3YPT,5 - すごくきれい,394 ～ 396,2025年08月,パフォーマンス,,8.3,グレー,000 AC NV TV AW SR 革,,,,,
テスラ,モデルＸ 5D 4WD,2019,ＣＡＴ,72,4 - きれい,348 ～ 353,nan,2025年08月,１００Ｄ,,8.3,黒,000 AC NV TV AW SR 革,,,,,
テスラ,モデル３ 4WD,2021,ＡＴ,54,3L23,5 - すごくきれい,171 ～ 176,2025年08月,,,,パール,000 AC NV TV AW SR 革,,,,,
テスラ,モデルＹ 5D 4WD,2023,ＡＴ,6,YL3YPT,5 - すごくきれい,394 ～ 396,2025年08月,パフォーマンス,,8.3,グレー,000 AC NV TV AW SR 革,,,,,
テスラ,モデル３ 5D 2WD,2021,ＡＴ,45,3L13B,5 - すごくきれい,176 ～ 181,2025年08月,スタンダードレンジプラス,,8.10,パール,000 AC NV TV AW SR 革,,,,,
テスラ,モデルＹ 2WD,2022,ＣＡＴ,12,YL1YT,5 - すごくきれい,278 ～ 283,2025年08月,,,,白,000 AC NV TV AW SR 革,,,,,
テスラ,モデル３ 4WD,2021,ＡＴ,15,3L23,5 - すごくきれい,219 ～ 223,2025年08月,,,8.7,パール,000 AC NV TV AW SR 革,,,,,
テスラ,モデルＹ 2WD,2022,ＡＴ,21,YL1YT,4 - きれい,253 ～ 255,2025年08月,,,,紺,000 AC NV TV AW SR 革,,,,,
テスラ,モデル３ 4WD,2022,ＣＡＴ,14,3L23T,5 - すごくきれい,225 ～ 229,2025年08月,,,9.5,青,000 AC NV TV AW SR 革,,,,,
テスラ,モデル３ 4WD,2021,ＡＴ,25,3L23,5 - すごくきれい,207 ～ 212,2025年08月,,,8.4,黒,000 AC NV TV AW SR 革,,,,,
テスラ,モデル３ 2WD,2022,ＡＴ,48,3L13T,5 - すごくきれい,184 ～ 188,2025年08月,,,9.8,パール,000 AC NV TV 革,,,,,
テスラ,モデルＹ 2WD,2022,ＣＡＴ,38,YL1YT,5 - すごくきれい,270 ～ 275,2025年08月,,,7.8,パール,000 AC NV TV AW SR 革,,,,,
テスラ,モデルＳ 4WD,2023,ＡＴ,21,SLP,5 - すごくきれい,844 ～ 848,2025年08月,,,8.12,白,000 AC NV TV AW SR 革,,,,,
テスラ,モデル３ 2WD,2023,ＡＴ,34,3L13T,5 - すごくきれい,217 ～ 222,2025年08月,,,8.5,白,000 AC NV TV SR 革,,,,,
テスラ,モデルＹ 5D 2WD,2023,ＡＴ,72,YL1YT,-1 - 修復歴あり,175 ～ 178,2025年08月,ＲＷＤ,,,黒,000 AC NV TV AW 革,,,,,
テスラ,モデル３ 2WD,2022,ＣＡＴ,233,3L13T,3 - 普通,82 ～ 84,2025年08月,,,,パール,000 AC NV TV SR 革,,,,,
テスラ,モデルＹ 2WD,2022,ＡＴ,21,YL1YT,5 - すごくきれい,258 ～ 261,2025年08月,,,,グレー,000 AC NV TV AW,,,,,
テスラ,モデル３ 2WD,2022,ＡＴ,22,3L13T,3 - 普通,166 ～ 170,2025年08月,,,,赤,000 AC NV TV AW,,,,,
テスラ,モデル３ 5D 4WD,2021,ＡＴ,127,3L23P,4 - きれい,133 ～ 137,2025年08月,パフォーマンス,,,青,000 AC NV TV AW,,,,,
テスラ,モデルＹ 2WD,2022,ＣＡＴ,37,YL1YT,4 - きれい,236 ～ 240,2025年08月,,,,グレー,000 AC NV TV AW 革,,,,,
テスラ,モデル３ 5D 2WD,2021,ＡＴ,45,3L13,5 - すごくきれい,154 ～ 156,2025年08月,スタンダードレンジプラス,,,,000 AC NV TV AW 革,,,,,
テスラ,モデル３ 5D 4WD,2019,ＣＡＴ,33,3L23P,5 - すごくきれい,172 ～ 177,2025年08月,パフォーマンス,,9.1,パール,000 AC NV TV AW SR 革,,,,,
テスラ,モデルＹ 4WD,2023,ＡＴ,39,YL3YT,5 - すごくきれい,299 ～ 303,2025年08月,,,,黒,000 AC NV TV AW 革,,,,,
テスラ,モデル３ 5D 4WD,2021,ＡＴ,38,3L23,5 - すごくきれい,204 ～ 206,2025年08月,ロングレンジ ＡＷＤ,,8.2,パール,000 AC NV TV AW SR 革,,,,,
テスラ,モデル３ 4WD,2020,ＡＴ,121,3L23,4 - きれい,128 ～ 131,2025年08月,,,,パール,000 AC NV TV AW 革,,,,,
テスラ,モデルＹ 2WD,2022,ＡＴ,45,YL1YT,5 - すごくきれい,250 ～ 253,2025年08月,,,,パール,000 AC NV TV SR 革,,,,,
テスラ,モデルＹ 2WD,2022,ＡＴ,64,YL1YT,5 - すごくきれい,264 ～ 269,2025年08月,,,,グレー,000 AC NV TV AW 革,,,,,
テスラ,モデル３ 4WD,2022,ＡＴ,82,3L23T,3 - 普通,157 ～ 161,2025年08月,,,9.8,青,000 AC NV TV AW SR 革,,,,,
テスラ,モデル３ 5D 2WD,2021,ＣＡＴ,45,3L13B,5 - すごくきれい,183 ～ 188,2025年08月,スタンダードレンジプラス,,8.4,グレー,000 AC NV TV AW SR 革,,,,,
テスラ,モデルＹ 4WD,2023,ＡＴ,43,YL3YT,5 - すごくきれい,307 ～ 313,2025年08月,,,8.2,白,000 AC NV TV 革,,,,,
テスラ,モデル３ 5D 4WD,2021,ＡＴ,62,3L23B,5 - すごくきれい,185 ～ 189,2025年08月,ロングレンジ,,8.11,パール,000 AC NV TV AW SR 革,,,,,
テスラ,モデルＹ 5D 4WD,2022,ＡＴ,8,YL3YPT,5 - すごくきれい,332 ～ 334,2025年08月,パフォーマンス,,7.7,パール,000 AC NV TV AW SR 革,,,,,
テスラ,モデル３ 5D 4WD,2020,ＡＴ,50,3L23P,5 - すごくきれい,189 ～ 193,2025年08月,パフォーマンス,,7.11,グレー,000 AC NV TV AW SR 革,,,,,
テスラ,モデルＹ 5D 2WD,2023,ＣＡＴ,15,YL1YT,5 - すごくきれい,277 ～ 279,2025年08月,ＲＷＤ,,8.1,パール,000 AC NV TV AW SR 革,,,,,
テスラ,モデル３ 5D 2WD,2021,ＣＡＴ,15,3L13,5 - すごくきれい,188 ～ 191,2025年08月,スタンダードレンジプラス,,,パール,000 AC NV TV AW SR 革,,,,,
テスラ,モデル３ 4WD,2021,ＡＴ,41,3L23,5 - すごくきれい,186 ～ 190,2025年08月,,,8.2,黒,000 AC NV TV AW SR 革,,,,,
テスラ,モデル３ 5D 2WD,2020,ＣＡＴ,31,3L13,5 - すごくきれい,171 ～ 174,2025年08月,スタンダードレンジプラス,,7.10,パール,000 AC NV TV AW SR 革,,,,,
テスラ,モデル３ 4WD,2022,ＣＡＴ,5,3L23T,5 - すごくきれい,259 ～ 262,2025年08月,,,,パール,000 AC NV TV AW SR 革,,,,,
テスラ,モデル３ 2WD,2023,ＣＡＴ,1,3L13T,5 - すごくきれい,232 ～ 236,2025年08月,,,8.7,グレー,000 AC NV TV AW SR 革,,,,,
テスラ,モデル３ 2WD,2022,ＡＴ,67,3L13T,5 - すごくきれい,175 ～ 178,2025年08月,,,7.6,パール,000 AC NV TV AW SR 革,,,,,
テスラ,モデルＹ 5D 4WD,2024,ＡＴ,4,YL3YT,3 - 普通,276 ～ 279,2025年08月,,,8.9,白,000 AC NV TV AW SR 革,,,,,
テスラ,モデル３ 4WD,2020,ＡＴ,61,3L23,4 - きれい,147 ～ 151,2025年08月,,,,パール,000 AC NV TV AW SR 革,,,,,
テスラ,モデルＸ 5D 4WD,2019,ＡＴ,122,4 - きれい,235 ～ 240,nan,2025年08月,１００Ｄ,,8.5,パール,000 AC NV TV AW SR 革,,,,,
テスラ,モデル３ 5D 2WD,2021,ＣＡＴ,55,3L13B,5 - すごくきれい,171 ～ 175,2025年08月,スタンダードレンジプラス,,8.4,パール,000 AC NV TV AW SR 革,,,,,
テスラ,モデル３ 5D 4WD,2021,ＣＡＴ,4,3L23B,5 - すごくきれい,243 ～ 247,2025年08月,ロングレンジ,,9.2,パール,000 AC NV TV AW SR 革,,,,,
テスラ,モデル３ 5D 4WD,2021,ＣＡＴ,11,3L23B,5 - すごくきれい,223 ～ 228,2025年08月,ロングレンジ,,8.7,パール,000 AC NV TV AW SR 革,,,,,
テスラ,モデルＹ 2WD,2022,ＡＴ,34,YL1YT,5 - すごくきれい,286 ～ 291,2025年08月,,,,黒,000 AC NV TV AW 革,,,,,
テスラ,モデル３ 4WD,2021,ＣＡＴ,47,3L23,5 - すごくきれい,182 ～ 185,2025年08月,,,8.9,白,000 AC NV TV AW SR 革,,,,,
テスラ,モデルＹ 4WD,2023,ＣＡＴ,21,YL3YT,5 - すごくきれい,310 ～ 315,2025年08月,,,8.11,黒,000 AC NV TV SR,,,,,
テスラ,モデルＳ 5D 2WD,2015,ＣＡＴ,71,SL1S,4 - きれい,138 ～ 141,2025年08月,85,,,白,000 AC NV TV AW SR 革,,,,,
テスラ,モデル３ 5D 2WD,2019,ＣＡＴ,66,3L13,5 - すごくきれい,159 ～ 161,2025年08月,スタンダードレンジプラス,,,グレー,000 AC NV TV AW SR 革,,,,,
テスラ,モデルＳ 5D 2WD,2014,ＡＴ,162,SL1S2A,3 - 普通,73 ～ 76,2025年08月,Ｐ８５,,,黒,000 AC NV TV AW SR 革,,,,,
テスラ,モデル３ 4WD,2021,ＡＴ,184,3L23,3 - 普通,128 ～ 130,2025年08月,,,8.8,パール,000 AC NV TV AW SR 革,,,,,
テスラ,モデル３ 5D 2WD,2021,ＣＡＴ,37,3L13,5 - すごくきれい,180 ～ 184,2025年08月,スタンダードレンジプラス,,8.7,グレー,000 AC NV TV AW SR 革,,,,,
テスラ,モデル３ 5D 2WD,2021,ＣＡＴ,81,3L13,4 - きれい,153 ～ 159,2025年08月,スタンダードレンジプラス,,8.11,パール,000 AC NV TV AW SR 革,,,,,
テスラ,モデルＸ 4WD,2017,ＡＴ,59,5 - すごくきれい,383 ～ 387,nan,2025年08月,,,8.8,黒,000 AC NV TV AW SR 革,,,,,
テスラ,モデル３ 5D 2WD,2021,ＣＡＴ,62,3L13,5 - すごくきれい,157 ～ 162,2025年08月,スタンダードレンジプラス,,9.3,パール,000 AC NV TV AW SR 革,,,,,
テスラ,モデル３ 4WD,2021,ＣＡＴ,32,3L23,5 - すごくきれい,191 ～ 195,2025年08月,,,8.5,パール,000 AC NV TV AW SR 革,,,,,
テスラ,モデルＹ 2WD,2022,ＡＴ,9,YL1YT,5 - すごくきれい,279 ～ 283,2025年08月,,,7.11,黒,000 AC NV TV AW SR 革,,,,,
テスラ,モデルＹ 2WD,2022,ＣＡＴ,19,YL1YT,3 - 普通,226 ～ 232,2025年08月,,,,青,000 AC NV TV,,,,,
テスラ,モデルＹ 5D 2WD,2023,ＣＡＴ,11,YL1YT,5 - すごくきれい,276 ～ 282,2025年07月,ＲＷＤ,,,パール,000 AC NV TV AW SR 革,,,,,
テスラ,モデル３ 4WD,2021,ＣＡＴ,16,3L23,5 - すごくきれい,224 ～ 226,2025年07月,,,8.6,白,000 AC NV TV AW SR 革,,,,,
テスラ,モデルＳ 5D 2WD,2014,ＣＡＴ,47,SL1SA,5 - すごくきれい,115 ～ 119,2025年07月,85,,7.12,黒,000 AC NV TV AW SR 革,,,,,
テスラ,モデル３ 2WD,2023,ＡＴ,3,3L13T,4 - きれい,212 ～ 216,2025年07月,,,8.8,グレー,000 AC NV TV AW SR 革,,,,,
テスラ,モデル３ 5D 2WD,2021,ＡＴ,16,3L13B,5 - すごくきれい,217 ～ 222,2025年07月,スタンダードレンジプラス,,8.9,黒,000 AC NV TV AW SR 革,,,,,
テスラ,モデル３ 4WD,2021,ＣＡＴ,31,3L23,5 - すごくきれい,212 ～ 215,2025年07月,,,8.11,黒,000 AC NV TV AW SR 革,,,,,
テスラ,モデルＹ 2WD,2022,ＣＡＴ,33,YL1YT,5 - すごくきれい,278 ～ 282,2025年07月,,,,白,000 AC NV TV AW SR 革,,,,,
テスラ,モデル３ 5D 2WD,2021,ＣＡＴ,41,3L13B,5 - すごくきれい,178 ～ 184,2025年07月,スタンダードプラス,,8.6,パール,000 AC NV TV AW SR 革,,,,,
テスラ,モデル３ 2WD,2024,ＣＡＴ,16,3L13T,5 - すごくきれい,352 ～ 354,2025年07月,,,9.10,白,000 AC NV TV AW SR 革,,,,,
テスラ,モデル３ 5D 2WD,2020,ＣＡＴ,31,3L13,5 - すごくきれい,183 ～ 186,2025年07月,スタンダードレンジプラス,,7.9,白,000 AC NV TV AW SR 革,,,,,
テスラ,モデル３ 2WD,2024,ＡＴ,22,3L13T,5 - すごくきれい,360 ～ 364,2025年07月,,,9.8,黒,000 AC NV TV AW SR 革,,,,,
テスラ,モデル３ 4WD,2020,ＡＴ,34,3L23P,-1 - 修復歴あり,142 ～ 146,2025年07月,,,,グレー,000 AC NV TV AW SR 革,,,,,
テスラ,モデル３ 5D 2WD,2021,ＡＴ,46,3L13B,5 - すごくきれい,167 ～ 171,2025年07月,スタンダードレンジプラス,,,パール,000 AC NV TV AW SR 革,,,,,
テスラ,モデル３ 5D 2WD,2022,ＣＡＴ,23,3L13T,5 - すごくきれい,214 ～ 219,2025年07月,ＲＷＤ,,,パール,000 AC NV TV AW SR 革,,,,,
テスラ,モデル３ 5D 2WD,2021,ＣＡＴ,66,3L13B,5 - すごくきれい,149 ～ 153,2025年07月,スタンダードプラス,,8.7,白,000 AC NV TV AW SR 革,,,,,
テスラ,モデル３ 4WD,2021,ＣＡＴ,72,3L23,4 - きれい,167 ～ 169,2025年07月,,,8.2,黒,000 AC NV TV AW SR 革,,,,,
テスラ,モデル３ 2WD,2021,ＡＴ,26,3L13B,5 - すごくきれい,193 ～ 197,2025年07月,,,8.6,白,000 AC NV TV AW SR 革,,,,,
テスラ,モデル３ 5D 2WD,2021,ＣＡＴ,22,3L13,5 - すごくきれい,182 ～ 186,2025年07月,スタンダードレンジプラス,,8.8,グレー,000 AC NV TV AW SR 革,,,,,
テスラ,モデル３ 5D 2WD,2019,ＣＡＴ,64,3L13,4 - きれい,127 ～ 131,2025年07月,スタンダードレンジプラス,,8.9,黒,000 AC NV TV AW SR 革,,,,,
テスラ,モデルＹ 2WD,2022,ＣＡＴ,43,YL1YT,5 - すごくきれい,268 ～ 270,2025年07月,,,7.8,パール,000 AC NV TV AW SR 革,,,,,
テスラ,ロードスター 2WD,2022,ＣＡＴ,47,YL1YT,5 - すごくきれい,267 ～ 270,2025年07月,,,8.1,パール,000 AC NV TV AW SR 革,,,,,
テスラ,モデル３ 4WD,2021,ＣＡＴ,41,3L23,5 - すごくきれい,196 ～ 199,2025年07月,,,8.12,パール,000 AC NV TV AW SR 革,,,,,
テスラ,モデルＸ 5D 4WD,2017,ＣＡＴ,138,4 - きれい,186 ～ 191,nan,2025年07月,１００Ｄ,,,パール,000 AC NV TV AW SR 革,,,,,
テスラ,モデル３ 5D 2WD,2021,ＣＡＴ,19,3L13,5 - すごくきれい,190 ～ 193,2025年07月,スタンダードレンジプラス,,8.5,白,000 AC NV TV AW SR 革,,,,,
テスラ,モデル３ 5D 4WD,2019,ＣＡＴ,80,3L23P,5 - すごくきれい,152 ～ 157,2025年07月,パフォーマンス,,9.1,パール,000 AC NV TV AW SR 革,,,,,
テスラ,ロードスター 2WD,2022,ＣＡＴ,15,YL1YT,5 - すごくきれい,275 ～ 279,2025年07月,,,,パール,000 AC NV TV AW SR 革,,,,,
テスラ,モデルＳ 5D 4WD,2018,ＣＡＴ,57,5 - すごくきれい,181 ～ 186,nan,2025年07月,７５Ｄ,,8.8,黒,000 AC NV TV AW SR 革,,,,,
テスラ,モデルＹ 5D 2WD,2024,ＡＴ,10,YL1YT,5 - すごくきれい,292 ～ 294,2025年07月,ＲＷＤ,,9.4,パール,000 AC NV TV AW SR 革,,,,,
テスラ,ロードスター 5D 2WD,2024,ＡＴ,9,YL1YT,5 - すごくきれい,291 ～ 296,2025年07月,ＲＷＤ,,9.4,パール,000 AC NV TV AW SR 革,,,,,
テスラ,モデル３ 5D 2WD,2021,ＣＡＴ,26,3L13,5 - すごくきれい,201 ～ 205,2025年07月,スタンダードレンジプラス,,8.6,白,000 AC AW SR 革,,,,,
テスラ,モデル３ 4WD,2021,ＣＡＴ,36,3L23,5 - すごくきれい,210 ～ 216,2025年07月,,,8.5,パール,000 AC NV TV AW SR 革,,,,,
テスラ,モデル３ 4WD,2021,ＡＴ,23,3L23,4 - きれい,201 ～ 205,2025年07月,,,8.5,パール,000 AC NV TV AW 革,,,,,
テスラ,ロードスター 2WD,2024,ＣＡＴ,17,YL1YT,5 - すごくきれい,302 ～ 306,2025年07月,,,9.3,パール,000 AC NV TV AW SR 革,,,,,
テスラ,モデルＹ 2WD,2024,ＣＡＴ,17,YL1YT,5 - すごくきれい,301 ～ 306,2025年07月,,,9.4,パール,000 AC NV TV AW SR 革,,,,,
テスラ,モデルＳ 2WD,2016,ＣＡＴ,55,4 - きれい,236 ～ 241,nan,2025年07月,,,,青,000 AC NV TV AW SR 革,,,,,
テスラ,モデル３ 4WD,2021,ＡＴ,14,3L23,5 - すごくきれい,234 ～ 236,2025年07月,,,8.8,パール,000 AC NV TV AW SR 革,,,,,
テスラ,ロードスター 5D 2WD,2023,ＡＴ,19,YL1YT,5 - すごくきれい,284 ～ 288,2025年07月,ＲＷＤ,,8.11,パール,000 AC NV TV AW SR 革,,,,,
テスラ,モデルＹ 5D 2WD,2023,ＡＴ,19,YL1YT,5 - すごくきれい,283 ～ 289,2025年07月,ＲＷＤ,,8.11,パール,000 AC NV TV AW SR 革,,,,,
テスラ,モデル３ 2WD,2022,ＣＡＴ,233,3L13T,3 - 普通,82 ～ 86,2025年07月,,,,パール,000 AC NV TV SR 革,,,,,
テスラ,モデルＹ 2WD,2022,ＡＴ,16,YL1YT,5 - すごくきれい,288 ～ 290,2025年07月,,,7.12,赤,000 AC NV TV AW SR 革,,,,,
テスラ,モデルＸ 2WD,2020,ＣＡＴ,60,5 - すごくきれい,439 ～ 442,nan,2025年07月,,,,黒,000 AC NV TV AW SR 革,,,,,
テスラ,モデルＹ 2WD,2022,ＣＡＴ,12,YL1YT,5 - すごくきれい,274 ～ 278,2025年07月,,,,パール,000 AC NV TV AW SR 革,,,,,
テスラ,ロードスター 2WD,2022,ＡＴ,16,YL1YT,5 - すごくきれい,288 ～ 290,2025年07月,,,7.8,赤,000 AC NV TV AW SR 革,,,,,
テスラ,モデル３ 5D 2WD,2020,ＡＴ,49,3L13,5 - すごくきれい,168 ～ 172,2025年07月,スタンダードレンジプラス,,,白,000 AC NV TV,,,,,
テスラ,モデル３ 5D 2WD,2020,ＣＡＴ,10,3L13,5 - すごくきれい,179 ～ 183,2025年07月,スタンダードレンジプラス,,7.11,グレー,000 AC NV TV AW SR 革,,,,,
テスラ,モデルＳ 5D 2WD,2015,ＡＴ,72,SL1S,3 - 普通,93 ～ 98,2025年07月,85,,,白,000 AC NV TV AW SR 革,,,,,
テスラ,ロードスター 5D 2WD,2024,ＡＴ,7,YL1YT,3 - 普通,253 ～ 258,2025年07月,ＲＷＤ,,,パール,000 AC NV TV AW SR 革,,,,,
テスラ,モデルＸ 5D 4WD,2017,ＡＴ,76,5 - すごくきれい,252 ～ 255,nan,2025年07月,９０Ｄ,,,青,000 AC NV TV AW SR 革,,,,,
テスラ,モデル３ 4WD,2021,ＣＡＴ,42,3L23,5 - すごくきれい,205 ～ 209,2025年07月,,,8.3,グレー,000 AC NV TV SR 革,,,,,
テスラ,ロードスター 5D 4WD,2023,ＣＡＴ,28,YL3YPT,5 - すごくきれい,320 ～ 325,2025年07月,パフォーマンス,,7.12,パール,000 AC NV TV AW SR 革,,,,,
テスラ,モデル３ 4WD,2022,ＡＴ,30,3L23T,5 - すごくきれい,226 ～ 231,2025年07月,,,9.4,白,000 NV TV AW 革,,,,,
テスラ,モデルＹ 5D 2WD,2024,ＡＴ,6,YL1YT,3 - 普通,255 ～ 257,2025年07月,ＲＷＤ,,,パール,000 AC NV TV AW SR 革,,,,,
テスラ,モデルＹ 5D 4WD,2023,ＣＡＴ,28,YL3YPT,5 - すごくきれい,321 ～ 324,2025年07月,パフォーマンス,,8.6,パール,000 AC NV TV AW SR 革,,,,,
テスラ,モデルＳ 5D 2WD,2017,ＡＴ,34,5 - すごくきれい,173 ～ 177,nan,2025年07月,75,,,シルバー,000 AC NV TV AW SR 革,,,,,
テスラ,モデルＹ 2WD,2022,ＡＴ,31,YL1YT,5 - すごくきれい,256 ～ 262,2025年07月,,,7.8,黒,000 AC NV TV AW SR 革,,,,,
テスラ,モデル３ 5D 2WD,2022,ＣＡＴ,22,3L13T,4 - きれい,219 ～ 222,2025年07月,ＲＷＤ,,,グレー,000 AC NV TV AW SR 革,,,,,
テスラ,モデルＸ 5D 4WD,2019,ＡＴ,50,5 - すごくきれい,330 ～ 333,nan,2025年07月,１００Ｄ,,8.8,黒,000 AC NV TV AW SR 革,,,,,
テスラ,モデルＸ 5D 4WD,2018,ＣＡＴ,68,5 - すごくきれい,340 ～ 345,nan,2025年07月,Ｐ１００Ｄ,,7.8,青,000 AC NV TV AW SR 革,,,,,
テスラ,モデル３ 4WD,2021,ＡＴ,65,3L23,5 - すごくきれい,162 ～ 164,2025年07月,,,,赤,000 AC NV TV AW 革,,,,,
テスラ,ロードスター 2WD,2022,ＡＴ,36,YL1YT,5 - すごくきれい,256 ～ 261,2025年07月,,,7.9,黒,000 AC NV TV AW SR 革,,,,,
テスラ,モデル３ 4WD,2021,ＡＴ,87,3L23,5 - すごくきれい,165 ～ 168,2025年07月,,,,黒,000 AC NV TV AW 革,,,,,
テスラ,モデル３ 5D 4WD,2021,ＡＴ,46,3L23B,5 - すごくきれい,197 ～ 202,2025年07月,ロングレンジ,,,パール,000 AC NV TV AW 革,,,,,
テスラ,モデル３ 5D 2WD,2023,ＡＴ,16,3L13T,5 - すごくきれい,218 ～ 222,2025年07月,ＲＷＤ,,8.6,パール,000 AC NV TV AW SR 革,,,,,
テスラ,モデル３ 5D 4WD,2020,ＣＡＴ,19,3L23P,5 - すごくきれい,212 ～ 216,2025年07月,パフォーマンス,,7.10,白,000 AC NV TV AW SR 革,,,,,
テスラ,モデルＹ 2WD,2022,ＡＴ,21,YL1YT,5 - すごくきれい,264 ～ 267,2025年07月,,,7.6,パール,000 AC NV TV AW SR 革,,,,,
テスラ,ロードスター 2WD,2022,ＡＴ,25,YL1YT,5 - すごくきれい,263 ～ 268,2025年07月,,,7.10,パール,000 AC NV TV AW SR 革,,,,,
テスラ,モデル３ 5D 2WD,2021,ＡＴ,30,3L13,5 - すごくきれい,199 ～ 204,2025年07月,スタンダードレンジプラス,,8.11,パール,000 AC NV TV AW SR 革,,,,,
テスラ,モデルＸ 5D 4WD,2017,ＣＡＴ,82,5 - すごくきれい,277 ～ 281,nan,2025年07月,パールII,,8.4,,000 AC NV TV AW SR 革,,,,,
テスラ,モデル３ 5D 2WD,2021,ＣＡＴ,46,3L13,5 - すごくきれい,167 ～ 169,2025年07月,スタンダードレンジプラス,,8.5,パール,000 AC NV TV AW SR 革,,,,,
テスラ,モデル３ 5D 2WD,2021,ＣＡＴ,30,3L13B,5 - すごくきれい,211 ～ 216,2025年07月,スタンダードレンジプラス,,8.6,パール,000 AC NV TV AW SR 革,,,,,
テスラ,ロードスター 5D 4WD,2022,ＡＴ,34,YL3YPT,5 - すごくきれい,308 ～ 312,2025年07月,パフォーマンス,,7.8,白,000 AC NV TV AW SR 革,,,,,
テスラ,ロードスター 2WD,2022,ＣＡＴ,21,YL1YT,5 - すごくきれい,268 ～ 272,2025年07月,,,7.12,パール,000 AC NV TV AW SR 革,,,,,
テスラ,モデルＹ 5D 4WD,2022,ＡＴ,39,YL3YPT,5 - すごくきれい,308 ～ 312,2025年07月,パフォーマンス,,8.2,白,000 AC NV TV AW SR 革,,,,,
テスラ,モデルＳ 5D 4WD,2017,ＣＡＴ,85,5 - すごくきれい,207 ～ 211,nan,2025年07月,１００Ｄ,,9.5,パール,000 AC NV TV AW SR 革,,,,,
テスラ,ロードスター 5D 4WD,2022,ＡＴ,52,YL3YPT,5 - すごくきれい,272 ～ 275,2025年07月,パフォーマンス,,7.12,パール,000 AC NV TV AW SR 革,,,,,
テスラ,モデルＸ 5D 4WD,2017,ＣＡＴ,50,4 - きれい,286 ～ 289,nan,2025年07月,Ｐ１００Ｄ,,8.8,青,000 AC NV TV AW SR 革,,,,,
テスラ,モデル３ 2WD,2022,ＣＡＴ,10,3L13T,5 - すごくきれい,213 ～ 218,2025年07月,,,,赤,000 AC SR,,,,,
テスラ,モデルＹ 5D 4WD,2022,ＡＴ,51,YL3YPT,5 - すごくきれい,271 ～ 275,2025年07月,パフォーマンス,,7.12,パール,000 AC NV TV AW SR 革,,,,,
テスラ,モデル３ 5D 2WD,2019,ＡＴ,45,3L13,4 - きれい,150 ～ 152,2025年07月,スタンダードレンジプラス,,,シルバー,000 AC,,,,,
テスラ,モデルＳ 5D 2WD,2017,ＣＡＴ,51,-1 - 修復歴あり,121 ～ 126,nan,2025年07月,７５Ｄ,,8.9,パール,000 AC NV TV AW SR 革,,,,,
テスラ,モデルＹ 2WD,2022,ＣＡＴ,24,YL1YT,5 - すごくきれい,267 ～ 270,2025年07月,,,7.12,パール,000 AC NV TV AW SR 革,,,,,
テスラ,モデル３ 4WD,2022,ＡＴ,11,3L23T,4 - きれい,215 ～ 217,2025年07月,,,,パール,000 AC NV TV AW SR 革,,,,,
テスラ,モデル３ 4WD,2020,ＣＡＴ,58,3L23,4 - きれい,167 ～ 171,2025年07月,,,,紺,000 AC NV TV AW SR 革,,,,,
テスラ,モデル３ 5D 2WD,2020,ＡＴ,26,3L13,5 - すごくきれい,188 ～ 192,2025年07月,スタンダードレンジプラス,,,白,000 AC NV TV AW SR,,,,,
テスラ,モデル３ 4WD,2022,ＡＴ,22,3L23T,5 - すごくきれい,223 ～ 227,2025年07月,,,,グレー,000 AC NV TV AW SR 革,,,,,
テスラ,モデル３ 5D 2WD,2021,ＣＡＴ,43,3L13B,4 - きれい,184 ～ 187,2025年07月,スタンダードプラス,,8.9,黒,000 AC NV TV AW SR 革,,,,,
テスラ,モデルＹ 5D 4WD,2022,ＡＴ,28,YL3YPT,4 - きれい,288 ～ 292,2025年07月,パフォーマンス,,,黒,000 AC NV TV AW,,,,,
テスラ,ロードスター 5D 4WD,2022,ＡＴ,26,YL3YPT,4 - きれい,287 ～ 291,2025年07月,パフォーマンス,,,黒,000 AC NV TV AW,,,,,
テスラ,モデル３ 5D 4WD,2021,ＣＡＴ,46,3L23B,5 - すごくきれい,189 ～ 195,2025年07月,ロングレンジ,,8.6,パール,000 AC NV TV AW SR 革,,,,,
テスラ,モデルＸ 5D 4WD,2019,ＡＴ,91,5 - すごくきれい,225 ～ 229,nan,2025年07月,７５Ｄ,,,グレー,000 AC NV TV AW SR 革,,,,,
テスラ,モデル３ 4WD,2021,ＡＴ,51,3L23,4 - きれい,196 ～ 200,2025年07月,,,,黒,000 AC NV TV AW,,,,,
テスラ,モデル３ 4WD,2021,ＡＴ,53,3L23,5 - すごくきれい,192 ～ 194,2025年07月,,,,パール,000 AC NV TV AW,,,,,
テスラ,モデル３ 5D 4WD,2024,ＡＴ,18,3L23T,5 - すごくきれい,353 ～ 358,2025年07月,ロングレンジ ＡＷＤ,,9.7,赤,000 AC,,,,,
テスラ,ロードスター 2WD,2022,ＣＡＴ,29,YL1YT,5 - すごくきれい,269 ～ 272,2025年07月,,,7.12,パール,000 AC NV TV AW,,,,,
テスラ,モデル３ 5D 4WD,2021,ＡＴ,46,3L23B,5 - すごくきれい,215 ～ 218,2025年07月,ロングレンジ,,8.10,パール,000 AC NV TV AW SR 革,,,,,
テスラ,モデル３ 2WD,2021,ＣＡＴ,55,3L13,5 - すごくきれい,156 ～ 161,2025年07月,,,8.2,パール,000 AC 革,,,,,
テスラ,モデル３ 2WD,2023,ＣＡＴ,22,3L13T,5 - すごくきれい,224 ～ 229,2025年07月,,,8.5,白,000 AC 革,,,,,
テスラ,モデルＹ 2WD,2022,ＣＡＴ,25,YL1YT,5 - すごくきれい,270 ～ 272,2025年07月,,,7.8,パール,000 AC NV TV AW,,,,,
テスラ,モデル３ 5D 4WD,2021,ＡＴ,63,3L23,3 - 普通,173 ～ 178,2025年07月,ロングレンジ ＡＷＤ,,8.5,パール,000 AC NV TV AW SR 革,,,,,
テスラ,モデル３ 2WD,2023,ＣＡＴ,17,3L13T,4 - きれい,217 ～ 222,2025年07月,,,7.12,黒,000 AC 革,,,,,
テスラ,モデルＹ 5D 4WD,2022,ＡＴ,17,YL3YPT,5 - すごくきれい,326 ～ 329,2025年07月,パフォーマンス,,7.8,黒,000 AC NV TV AW SR 革,,,,,
テスラ,モデルＹ 5D 2WD,2022,ＡＴ,35,YL1YT,5 - すごくきれい,268 ～ 273,2025年07月,ＲＷＤ,,,白,000 AC NV TV AW SR 革,,,,,
テスラ,ロードスター 5D 4WD,2022,ＡＴ,19,YL3YPT,5 - すごくきれい,326 ～ 332,2025年07月,パフォーマンス,,7.9,黒,000 AC NV TV AW 革,,,,,
テスラ,モデル３ 5D 4WD,2021,ＡＴ,25,3L23B,5 - すごくきれい,214 ～ 219,2025年07月,ロングレンジ,,,パール,000 AC NV TV AW SR 革,,,,,
テスラ,ロードスター 5D 2WD,2023,ＣＡＴ,18,YL1YT,5 - すごくきれい,282 ～ 286,2025年07月,ＲＷＤ,,8.4,パール,000 AC NV TV AW SR 革,,,,,
テスラ,モデルＹ 5D 4WD,2022,ＡＴ,19,YL3YPT,5 - すごくきれい,326 ～ 332,2025年07月,パフォーマンス,,8.2,黒,000 AC NV TV AW 革,,,,,
テスラ,モデルＹ 5D 2WD,2023,ＣＡＴ,18,YL1YT,5 - すごくきれい,280 ～ 285,2025年07月,ＲＷＤ,,8.4,パール,000 AC NV TV AW SR 革,,,,,
テスラ,モデルＳ 5D 4WD,2017,ＡＴ,48,5 - すごくきれい,272 ～ 275,nan,2025年07月,Ｐ１００Ｄ,,7.6,パール,000 AC NV TV AW SR 革,,,,,
テスラ,モデル３ 5D 2WD,2020,ＡＴ,83,3L13,5 - すごくきれい,127 ～ 129,2025年07月,スタンダードプラス,,7.12,パール,000 AC NV TV AW SR 革,,,,,
テスラ,モデルＳ 5D 4WD,2017,ＣＡＴ,108,4 - きれい,221 ～ 225,nan,2025年07月,Ｐ１００Ｄ,,8.2,パール,000 AC NV TV AW SR 革,,,,,
テスラ,ロードスター 5D 2WD,2022,ＡＴ,34,YL1YT,5 - すごくきれい,270 ～ 272,2025年07月,ＲＷＤ,,,白,000 AC NV TV AW SR 革,,,,,
テスラ,モデルＳ 2WD,2015,ＡＴ,140,SL1SA,4 - きれい,136 ～ 138,2025年07月,,,7.11,シルバー,000 AC NV TV AW SR 革,,,,,
テスラ,ロードスター 5D 4WD,2022,ＡＴ,18,YL3YPT,5 - すごくきれい,325 ～ 329,2025年07月,パフォーマンス,,8.2,黒,000 AC NV TV AW SR 革,,,,,
テスラ,モデル３ 4WD,2022,ＡＴ,26,3L23T,5 - すごくきれい,221 ～ 226,2025年07月,,,9.1,パール,000 AC NV TV AW SR 革,,,,,
テスラ,モデル３ 4WD,2021,ＡＴ,20,3L23,5 - すごくきれい,209 ～ 214,2025年07月,,,8.4,パール,000 AC NV TV AW SR 革,,,,,
テスラ,ロードスター 5D 4WD,2022,ＡＴ,51,YL3YPT,5 - すごくきれい,282 ～ 285,2025年07月,パフォーマンス,,,白,000 AC NV TV AW SR 革,,,,,
テスラ,モデル３ 4WD,2019,ＣＡＴ,102,3L23,4 - きれい,144 ～ 149,2025年07月,,,9.2,黒,000 AC SR 革,,,,,
テスラ,モデル３ 5D 2WD,2021,ＡＴ,18,3L13,5 - すごくきれい,227 ～ 230,2025年07月,スタンダードレンジプラス,,8.9,黒,000 AC NV TV AW SR 革,,,,,
テスラ,モデル３ 5D 4WD,2019,ＡＴ,21,3L23P,5 - すごくきれい,222 ～ 228,2025年07月,パフォーマンス,,9.5,パール,000 AC NV TV AW SR 革,,,,,
テスラ,モデル３ 4WD,2021,ＣＡＴ,25,3L23,5 - すごくきれい,247 ～ 250,2025年07月,,,8.4,白,000 AC NV TV 革,,,,,
テスラ,モデルＹ 5D 4WD,2022,ＡＴ,50,YL3YPT,5 - すごくきれい,281 ～ 285,2025年07月,パフォーマンス,,,白,000 AC NV TV AW SR 革,,,,,
テスラ,モデルＹ 2WD,2022,ＣＡＴ,47,YL1YT,5 - すごくきれい,265 ～ 271,2025年07月,,,7.8,パール,000 AC NV TV AW SR 革,,,,,
テスラ,モデル３ 5D 2WD,2021,ＣＡＴ,28,3L13,5 - すごくきれい,187 ～ 190,2025年07月,スタンダードレンジプラス,,8.9,パール,000 AC NV TV AW SR 革,,,,,
テスラ,ロードスター 2WD,2022,ＣＡＴ,48,YL1YT,5 - すごくきれい,265 ～ 271,2025年07月,,,7.9,パール,000 AC NV TV AW SR 革,,,,,
テスラ,モデル３ 4WD,2020,ＣＡＴ,23,3L23,5 - すごくきれい,194 ～ 199,2025年07月,,,8.11,白,000 AC NV TV AW 革,,,,,
テスラ,モデルＳ 5D 4WD,2017,ＡＴ,85,4 - きれい,150 ～ 154,nan,2025年07月,７５Ｄ,,9.3,パール,000 AC NV TV AW SR 革,,,,,
テスラ,モデル３ 4WD,2021,ＣＡＴ,34,3L23,5 - すごくきれい,200 ～ 202,2025年07月,,,8.6,パール,000 AC NV TV AW SR 革,,,,,
テスラ,モデル３ 5D 2WD,2020,ＡＴ,45,3L13,5 - すごくきれい,146 ～ 150,2025年07月,スタンダードレンジプラス,,,青,000 AC NV TV AW SR 革,,,,,
テスラ,モデルＸ 5D 4WD,2017,ＣＡＴ,104,4 - きれい,214 ～ 219,nan,2025年07月,７５Ｄ,,8.2,白,000 AC NV TV AW SR 革,,,,,
テスラ,モデル３ 5D 4WD,2021,ＡＴ,33,3L23B,5 - すごくきれい,205 ～ 210,2025年07月,ロングレンジ,,8.8,グレー,000 AC NV TV AW SR 革,,,,,
テスラ,モデル３ 4WD,2020,ＡＴ,39,3L23,5 - すごくきれい,199 ～ 202,2025年07月,,,7.7,青,000 AC NV TV AW SR 革,,,,,
テスラ,モデル３ 4WD,2020,ＣＡＴ,99,3L23,5 - すごくきれい,147 ～ 151,2025年07月,,,,パール,000 AC AW SR 革,,,,,
テスラ,ロードスター 4WD,2023,ＡＴ,26,YL3YT,5 - すごくきれい,333 ～ 338,2025年07月,,,8.4,グレー,000 AC NV TV AW SR 革,,,,,
テスラ,モデルＹ 5D 2WD,2023,ＣＡＴ,14,YL1YT,5 - すごくきれい,272 ～ 274,2025年07月,ＲＷＤ,,8.8,パール,000 AC NV TV AW SR 革,,,,,
テスラ,モデルＹ 2WD,2022,ＡＴ,24,YL1YT,4 - きれい,251 ～ 253,2025年07月,,,,パール,000 AC NV TV AW 革,,,,,
テスラ,モデルＹ 4WD,2023,ＡＴ,22,YL3YT,5 - すごくきれい,334 ～ 337,2025年07月,,,8.8,グレー,000 AC NV TV AW SR 革,,,,,
テスラ,ロードスター 2WD,2022,ＡＴ,20,YL1YT,4 - きれい,251 ～ 253,2025年07月,,,,パール,000 AC NV TV AW 革,,,,,
テスラ,モデルＸ 4WD,2020,ＡＴ,8,5 - すごくきれい,535 ～ 538,nan,2025年07月,,,9.3,黒,000 AC NV TV AW SR 革,,,,,
テスラ,モデル３ 5D 4WD,2021,ＡＴ,29,3L23B,5 - すごくきれい,212 ～ 216,2025年07月,ロングレンジ,,,パール,000 AC NV TV AW SR 革,,,,,
テスラ,モデル３ 4WD,2022,ＣＡＴ,16,3L23T,5 - すごくきれい,228 ～ 234,2025年07月,,,,白,000 AC NV TV AW SR 革,,,,,
テスラ,ロードスター 5D 2WD,2023,ＣＡＴ,10,YL1YT,5 - すごくきれい,271 ～ 274,2025年07月,ＲＷＤ,,8.8,パール,000 AC NV TV AW SR 革,,,,,
テスラ,モデル３ 5D 4WD,2021,ＡＴ,31,3L23B,5 - すごくきれい,209 ～ 213,2025年07月,ロングレンジ,,8.10,赤,000 AC NV TV AW SR 革,,,,,
テスラ,モデル３ 5D 4WD,2019,ＡＴ,74,3L23P,3 - 普通,159 ～ 164,2025年07月,パフォーマンス,,8.4,青,000 AC NV TV AW SR 革,,,,,
テスラ,モデル３ 5D 2WD,2021,ＡＴ,50,3L13B,5 - すごくきれい,195 ～ 199,2025年07月,スタンダードレンジプラス,,8.9,白,000 AC NV TV AW SR 革,,,,,
テスラ,モデル３ 5D 2WD,2021,ＡＴ,97,3L13B,4 - きれい,140 ～ 144,2025年07月,スタンダードレンジプラス,,,パール,000 AC NV TV AW SR 革,,,,,
テスラ,モデルＹ 4WD,2024,ＡＴ,13,YL3YT,5 - すごくきれい,323 ～ 326,2025年07月,,,9.4,パール,000 AC NV TV AW 革,,,,,
テスラ,モデルＹ 5D 2WD,2022,ＣＡＴ,20,YL1YT,5 - すごくきれい,303 ～ 306,2025年07月,ベースグレード,,,パール,000 AC SR 革,,,,,
テスラ,モデル３ 4WD,2021,ＣＡＴ,42,3L23,5 - すごくきれい,205 ～ 210,2025年07月,,,8.3,青,000 AC NV TV AW SR 革,,,,,
テスラ,モデル３ 4WD,2021,ＣＡＴ,115,3L23,4 - きれい,155 ～ 157,2025年07月,,,8.7,パール,000 AC NV TV AW SR 革,,,,,
テスラ,ロードスター 5D 2WD,2022,ＣＡＴ,25,YL1YT,5 - すごくきれい,304 ～ 308,2025年07月,ベースグレード,,,パール,000 AC SR 革,,,,,
テスラ,モデル３ 4WD,2022,ＣＡＴ,26,3L23T,5 - すごくきれい,224 ～ 228,2025年07月,,,,白,000 AC NV TV AW SR 革,,,,,
テスラ,モデルＳ 4WD,2019,ＡＴ,117,4 - きれい,140 ～ 146,nan,2025年07月,,,,パール,000 AC NV TV AW SR 革,,,,,
テスラ,モデルＹ 5D 4WD,2023,ＡＴ,32,YL3YPT,5 - すごくきれい,329 ～ 335,2025年07月,パフォーマンス,,8.4,パール,000 AC NV TV AW SR 革,,,,,
テスラ,モデル３ 4WD,2021,ＣＡＴ,51,3L23,5 - すごくきれい,180 ～ 183,2025年07月,,,8.1,パール,000 AC NV TV AW SR 革,,,,,
テスラ,ロードスター 4WD,2024,ＡＴ,15,YL3YT,5 - すごくきれい,322 ～ 327,2025年07月,,,8.12,パール,000 AC NV TV AW 革,,,,,
テスラ,モデル３ 4WD,2021,ＡＴ,46,3L23,5 - すごくきれい,201 ～ 204,2025年07月,,,8.12,パール,000 AC NV TV AW SR 革,,,,,
テスラ,ロードスター 5D 4WD,2023,ＡＴ,31,YL3YPT,5 - すごくきれい,331 ～ 334,2025年07月,パフォーマンス,,8.8,パール,000 AC NV TV AW SR 革,,,,,
テスラ,モデル３ 4WD,2021,ＡＴ,8,3L23,5 - すごくきれい,210 ～ 212,2025年07月,,,8.8,白,000 AC NV TV AW SR 革,,,,,
テスラ,モデルＹ 2WD,2022,ＡＴ,33,YL1YT,5 - すごくきれい,257 ～ 262,2025年07月,,,,白,000 AC NV TV AW SR 革,,,,,
テスラ,ロードスター 2WD,2022,ＡＴ,29,YL1YT,5 - すごくきれい,259 ～ 262,2025年07月,,,,白,000 AC NV TV AW SR 革,,,,,
テスラ,モデル３ 4WD,2019,ＡＴ,128,3L23,4 - きれい,122 ～ 126,2025年07月,,,,パール,000 AC NV TV AW SR 革,,,,,
テスラ,モデル３ 4WD,2022,ＣＡＴ,57,3L23T,5 - すごくきれい,202 ～ 206,2025年07月,,,9.4,パール,000 AC NV TV AW SR 革,,,,,
テスラ,モデル３ 5D 4WD,2020,ＡＴ,19,3L23P,5 - すごくきれい,214 ～ 220,2025年07月,パフォーマンス,,,パール,000 AC NV TV AW SR 革,,,,,
テスラ,モデル３ 5D 2WD,2021,ＡＴ,28,3L13,5 - すごくきれい,187 ～ 192,2025年07月,スタンダードレンジプラス,,8.1,パール,000 AC NV TV AW SR 革,,,,,
テスラ,モデル３ 4WD,2021,ＣＡＴ,65,3L23,5 - すごくきれい,188 ～ 192,2025年07月,,,8.2,パール,000 AC NV TV AW SR 革,,,,,
テスラ,モデル３ 5D 4WD,2019,ＡＴ,24,3L23P,5 - すごくきれい,208 ～ 211,2025年06月,パフォーマンス,,7.8,黒,000 AC NV TV AW SR 革,,,,,
テスラ,モデル３ 4WD,2021,ＡＴ,26,3L23,5 - すごくきれい,219 ～ 222,2025年06月,,,8.6,パール,000 AC NV TV AW SR 革,,,,,
テスラ,モデル３ 2WD,2021,ＣＡＴ,34,3L13,5 - すごくきれい,189 ～ 193,2025年06月,,,,,000 AC NV TV SR 革,,,,,
テスラ,モデル３ 5D 4WD,2019,ＣＡＴ,42,3L23P,5 - すごくきれい,189 ～ 194,2025年06月,パフォーマンス,,8.1,パール,000 AC NV TV AW SR 革,,,,,
テスラ,モデル３ 5D 2WD,2020,ＣＡＴ,52,3L13,5 - すごくきれい,166 ～ 170,2025年06月,スタンダードレンジプラス,,,パール,000 AC NV TV AW SR,,,,,
テスラ,モデルＹ 4WD,2024,ＣＡＴ,11,YL3YPT,5 - すごくきれい,390 ～ 392,2025年06月,,,8.12,パール,000 AC SR 革,,,,,
テスラ,モデルＳ 5D 4WD,2017,ＣＡＴ,73,5 - すごくきれい,223 ～ 227,nan,2025年06月,１００Ｄ,,,パール,000 AC NV TV AW SR 革,,,,,
テスラ,モデル３ 5D 2WD,2020,ＡＴ,71,3L13,5 - すごくきれい,149 ～ 153,2025年06月,スタンダードレンジプラス,,,パール,000 AC NV TV AW SR 革,,,,,
テスラ,モデル３ 4WD,2021,ＣＡＴ,87,3L23,5 - すごくきれい,170 ～ 174,2025年06月,,,8.4,パール,000 AC NV TV AW SR 革,,,,,
テスラ,モデル３ 5D 2WD,2021,ＡＴ,38,3L13,5 - すごくきれい,199 ～ 202,2025年06月,スタンダードレンジプラス,,8.12,パール,000 AC NV TV AW SR 革,,,,,
テスラ,ロードスター 4WD,2024,ＣＡＴ,9,YL3YPT,5 - すごくきれい,388 ～ 394,2025年06月,,,9.3,パール,000 AC SR 革,,,,,
テスラ,モデル３ 5D 4WD,2021,ＣＡＴ,41,3L23B,5 - すごくきれい,207 ～ 213,2025年06月,ロングレンジ,,8.9,,000 AC NV TV AW SR 革,,,,,
テスラ,モデル３ 5D 4WD,2021,ＡＴ,64,3L23B,5 - すごくきれい,190 ～ 194,2025年06月,ロングレンジ,,,パール,000 AC NV TV AW SR 革,,,,,
テスラ,ロードスター 5D 2WD,2023,ＡＴ,4,YL1YT,5 - すごくきれい,329 ～ 332,2025年06月,ＲＷＤ,,8.5,白,000 AC NV TV AW SR 革,,,,,
テスラ,モデル３ 2WD,2022,ＣＡＴ,16,3L13T,5 - すごくきれい,217 ～ 221,2025年06月,,,7.9,パール,000 AC NV TV AW SR 革,,,,,
テスラ,モデル３ 5D 2WD,2021,ＣＡＴ,62,3L13,5 - すごくきれい,159 ～ 161,2025年06月,スタンダードレンジプラス,,8.1,パール,000 AC NV TV AW SR 革,,,,,
テスラ,モデルＹ 5D 4WD,2023,ＡＴ,23,YL3YPT,5 - すごくきれい,321 ～ 326,2025年06月,パフォーマンス,,8.5,黒,000 AC NV TV AW SR 革,,,,,
テスラ,モデルＹ 5D 2WD,2023,ＡＴ,1,YL1YT,5 - すごくきれい,327 ～ 331,2025年06月,ＲＷＤ,,8.5,白,000 AC NV TV AW SR 革,,,,,
テスラ,モデル３ 5D 4WD,2021,ＣＡＴ,13,3L23B,-1 - 修復歴あり,197 ～ 200,2025年06月,ロングレンジ,,8.5,白,000 AC NV TV AW SR 革,,,,,
テスラ,ロードスター 5D 4WD,2023,ＡＴ,24,YL3YPT,5 - すごくきれい,323 ～ 326,2025年06月,パフォーマンス,,8.5,黒,000 AC NV TV AW SR 革,,,,,
テスラ,モデル３ 4WD,2021,ＣＡＴ,48,3L23,5 - すごくきれい,217 ～ 220,2025年06月,,,8.4,パール,000 AC NV TV AW SR 革,,,,,
テスラ,モデル３ 4WD,2021,ＣＡＴ,52,3L23,5 - すごくきれい,215 ～ 219,2025年06月,,,8.4,パール,000 AC NV TV AW SR 革,,,,,
テスラ,モデルＸ 5D 4WD,2017,ＡＴ,46,5 - すごくきれい,368 ～ 373,nan,2025年06月,９０Ｄ,,9.3,黒,000 AC NV TV AW SR 革,,,,,
テスラ,モデルＹ 2WD,2022,ＡＴ,31,YL1YT,5 - すごくきれい,272 ～ 275,2025年06月,,,8.1,白,000 AC NV TV AW SR 革,,,,,
テスラ,ロードスター 2WD,2022,ＡＴ,32,YL1YT,5 - すごくきれい,271 ～ 276,2025年06月,,,7.12,白,000 AC NV TV AW SR 革,,,,,
テスラ,モデルＹ 2WD,2022,ＡＴ,31,YL1YT,5 - すごくきれい,272 ～ 275,2025年06月,,,7.11,白,000 AC NV TV AW SR 革,,,,,
テスラ,ロードスター 5D 4WD,2022,ＡＴ,9,YL3YPT,5 - すごくきれい,348 ～ 352,2025年06月,パフォーマンス,,7.10,グレー,000 AC NV TV AW SR 革,,,,,
テスラ,モデルＹ 2WD,2022,ＣＡＴ,14,YL1YT,5 - すごくきれい,289 ～ 294,2025年06月,,,,黒,000 AC NV TV AW SR 革,,,,,
テスラ,モデル３ 4WD,2022,ＣＡＴ,11,3L23T,5 - すごくきれい,255 ～ 259,2025年06月,,,7.9,グレー,000 AC NV TV AW SR 革,,,,,
テスラ,モデル３ 4WD,2021,ＣＡＴ,23,3L23,5 - すごくきれい,226 ～ 229,2025年06月,,,,白,000 AC NV TV AW SR 革,,,,,
テスラ,モデルＳ 5D 4WD,2018,ＡＴ,19,4 - きれい,177 ～ 181,nan,2025年06月,７５Ｄ,,7.6,グレー,000 AC NV TV AW SR 革,,,,,
テスラ,モデル３ 4WD,2021,ＣＡＴ,24,3L23,5 - すごくきれい,227 ～ 230,2025年06月,,,,白,000 AC NV TV AW SR 革,,,,,
テスラ,モデルＸ 5D 4WD,2018,ＡＴ,85,4 - きれい,150 ～ 154,nan,2025年06月,７５Ｄ,,7.5,赤,000 AC NV TV AW SR 革,,,,,
テスラ,モデル３ 5D 2WD,2021,ＡＴ,45,3L13,5 - すごくきれい,186 ～ 192,2025年06月,スタンダードレンジプラス,,8.7,パール,000 AC NV TV AW SR 革,,,,,
テスラ,モデルＹ 2WD,2022,ＣＡＴ,39,YL1YT,4 - きれい,250 ～ 254,2025年06月,,,7.7,シルバー,000 AC NV TV AW SR 革,,,,,
テスラ,モデルＹ 5D 4WD,2022,ＡＴ,21,YL3YPT,5 - すごくきれい,338 ～ 341,2025年06月,パフォーマンス,,8.1,グレー,000 AC NV TV AW SR 革,,,,,
テスラ,モデル３ 4WD,2024,ＡＴ,6,3L24PT,5 - すごくきれい,423 ～ 426,2025年06月,,,9.9,グレー,000 AC NV TV AW SR 革,,,,,
テスラ,ロードスター 5D 4WD,2022,ＡＴ,21,YL3YPT,5 - すごくきれい,336 ～ 341,2025年06月,パフォーマンス,,8.1,グレー,000 AC AW SR 革,,,,,
テスラ,モデルＹ 2WD,2022,ＣＡＴ,12,YL1YT,5 - すごくきれい,290 ～ 294,2025年06月,,,,黒,000 AC NV TV AW SR 革,,,,,
テスラ,モデル３ 5D 2WD,2021,ＡＴ,31,3L13B,5 - すごくきれい,200 ～ 204,2025年06月,スタンダードレンジプラス,,8.4,赤,000 AC NV TV AW SR 革,,,,,
テスラ,モデル３ 4WD,2021,ＡＴ,8,3L23,5 - すごくきれい,231 ～ 235,2025年06月,,,8.7,パール,000 AC NV TV AW SR 革,,,,,
テスラ,モデル３ 5D 2WD,2023,ＣＡＴ,24,3L13T,5 - すごくきれい,242 ～ 246,2025年06月,ＲＷＤ,,8.3,パール,000 AC NV TV AW SR 革,,,,,
テスラ,モデル３ 4WD,2021,ＡＴ,12,3L23,5 - すごくきれい,230 ～ 235,2025年06月,,,8.4,パール,000 AC NV TV AW SR 革,,,,,
テスラ,モデルＹ 2WD,2022,ＣＡＴ,40,YL1YT,4 - きれい,250 ～ 255,2025年06月,,,7.8,シルバー,000 AC NV TV AW SR 革,,,,,
テスラ,ロードスター 2WD,2022,ＣＡＴ,36,YL1YT,4 - きれい,251 ～ 254,2025年06月,,,7.12,シルバー,000 AC NV TV AW SR 革,,,,,
テスラ,モデル３ 5D 2WD,2021,ＡＴ,34,3L13,5 - すごくきれい,208 ～ 213,2025年06月,スタンダードレンジプラス,,,白,000 AC NV TV AW SR 革,,,,,
テスラ,モデル３ 5D 2WD,2020,ＣＡＴ,51,3L13,5 - すごくきれい,158 ～ 161,2025年06月,スタンダードレンジプラス,,7.8,パール,000 AC AW SR 革,,,,,
テスラ,モデル３ 5D 2WD,2020,ＣＡＴ,35,3L13,5 - すごくきれい,188 ～ 191,2025年06月,スタンダードレンジプラス,,,白,000 AC NV TV AW SR 革,,,,,
テスラ,ロードスター 2WD,2022,ＣＡＴ,12,YL1YT,5 - すごくきれい,290 ～ 293,2025年06月,,,,黒,000 AC NV TV AW SR 革,,,,,
テスラ,モデル３ 5D 4WD,2021,ＡＴ,28,3L23B,5 - すごくきれい,219 ～ 221,2025年06月,ロングレンジ,,8.9,青,000 AC NV TV AW SR 革,,,,,
テスラ,モデル３ 4WD,2022,ＣＡＴ,15,3L23T,5 - すごくきれい,257 ～ 259,2025年06月,,,7.9,グレー,000 AC NV TV AW SR 革,,,,,
テスラ,モデルＹ 5D 4WD,2022,ＡＴ,11,YL3YPT,5 - すごくきれい,348 ～ 353,2025年06月,パフォーマンス,,8.1,グレー,000 AC NV TV AW SR 革,,,,,
テスラ,モデル３ 4WD,2024,ＡＴ,7,3L24PT,5 - すごくきれい,422 ～ 427,2025年06月,,,9.5,グレー,000 AC NV TV AW SR 革,,,,,
テスラ,モデル３ 5D 4WD,2021,ＡＴ,69,3L23,5 - すごくきれい,173 ～ 177,2025年06月,ロングレンジ ＡＷＤ,,8.8,紺,000 AC NV TV AW SR 革,,,,,
テスラ,モデル３ 5D 4WD,2021,ＣＡＴ,51,3L23,5 - すごくきれい,206 ～ 209,2025年06月,ロングレンジ ＡＷＤ,,8.8,白,000 AC AW 革,,,,,
テスラ,モデル３ 5D 4WD,2021,ＣＡＴ,90,3L23,4 - きれい,142 ～ 148,2025年06月,ロングレンジ ＡＷＤ,,8.8,黒,000 AC NV TV SR 革,,,,,
テスラ,モデル３ 5D 4WD,2021,ＡＴ,63,3L23B,4 - きれい,211 ～ 214,2025年06月,ロングレンジ,,8.8,パール,000 AC NV TV AW SR 革,,,,,
テスラ,モデル３ 4WD,2022,ＡＴ,15,3L23T,5 - すごくきれい,248 ～ 254,2025年06月,,,,赤,000 AC NV TV AW 革,,,,,
テスラ,モデル３ 5D 4WD,2020,ＡＴ,43,3L23P,4 - きれい,200 ～ 206,2025年06月,パフォーマンス,,,白,000 AC NV TV AW SR 革,,,,,
テスラ,モデルＹ 5D 4WD,2023,ＡＴ,34,YL3YPT,5 - すごくきれい,326 ～ 330,2025年06月,パフォーマンス,,7.11,グレー,000 AC NV TV AW SR 革,,,,,
テスラ,モデル３ 4WD,2024,ＡＴ,7,3L23T,5 - すごくきれい,453 ～ 456,2025年06月,,,9.2,パール,000 AC NV TV AW SR 革,,,,,
テスラ,モデル３ 5D 2WD,2020,ＣＡＴ,50,3L13,5 - すごくきれい,145 ～ 151,2025年06月,スタンダードレンジプラス,,7.11,白,000 AC NV TV AW SR 革,,,,,
テスラ,モデルＸ 5D 4WD,2024,ＡＴ,25,5 - すごくきれい,733 ～ 736,nan,2025年06月,ロングレンジ,,9.2,白,000 AC NV TV AW SR 革,,,,,
テスラ,モデルＸ 4WD,2017,ＡＴ,80,5 - すごくきれい,294 ～ 298,nan,2025年06月,,,8.2,パール,000 AC NV TV AW SR 革,,,,,
テスラ,モデル３ 5D 2WD,2019,ＡＴ,33,3L13,5 - すごくきれい,181 ～ 186,2025年06月,スタンダードレンジプラス,,8.11,白,000 AC NV TV AW SR 革,,,,,
テスラ,モデル３ 4WD,2021,ＡＴ,43,3L23,5 - すごくきれい,210 ～ 214,2025年06月,,,8.7,パール,000 AC NV TV AW SR 革,,,,,
テスラ,モデル３ 5D 4WD,2021,ＣＡＴ,45,3L23B,5 - すごくきれい,209 ～ 213,2025年06月,ロングレンジ,,8.9,赤,000 AC NV TV AW SR 革,,,,,
テスラ,モデル３ 4WD,2021,ＡＴ,31,3L23,5 - すごくきれい,234 ～ 239,2025年06月,,,8.7,パール,000 AC NV TV AW SR 革,,,,,
テスラ,モデルＳ 5D 2WD,2019,ＡＴ,46,4 - きれい,290 ～ 293,nan,2025年06月,１００Ｄ,,8.5,白,000 AC NV TV AW SR 革,,,,,
テスラ,モデルＹ 2WD,2022,ＣＡＴ,19,YL1YT,5 - すごくきれい,323 ～ 329,2025年06月,,,7.7,黒,000 AC NV TV AW SR 革,,,,,
テスラ,モデル３ 5D 4WD,2021,ＣＡＴ,29,3L23B,5 - すごくきれい,228 ～ 234,2025年06月,ロングレンジ,,,黒,000 AC SR 革,,,,,
テスラ,モデル３ 4WD,2023,ＡＴ,10,3L23PT,4 - きれい,257 ～ 262,2025年06月,,,8.3,赤,000 AC NV TV AW SR 革,,,,,
テスラ,モデル３ 5D 4WD,2019,ＡＴ,62,3L23P,5 - すごくきれい,172 ～ 175,2025年06月,パフォーマンス,,9.6,黒,000 AC NV TV AW SR 革,,,,,
テスラ,モデル３ 4WD,2021,ＣＡＴ,21,3L23,5 - すごくきれい,243 ～ 247,2025年06月,,,8.7,白,000 AC NV TV AW,,,,,
テスラ,モデルＹ 5D 2WD,2023,ＣＡＴ,25,YL1YT,5 - すごくきれい,281 ～ 286,2025年06月,ＲＷＤ,,8.2,パール,000 AC NV TV AW SR 革,,,,,
テスラ,モデル３ 4WD,2020,ＡＴ,46,3L23,5 - すごくきれい,202 ～ 205,2025年06月,,,8.1,白,000 AC NV TV AW SR,,,,,
テスラ,モデル３ 5D 2WD,2023,ＡＴ,6,3L13T,5 - すごくきれい,354 ～ 358,2025年06月,ＲＷＤ,,8.9,黒,000 AC NV TV SR 革,,,,,
テスラ,モデル３ 4WD,2021,ＣＡＴ,21,3L23,5 - すごくきれい,243 ～ 247,2025年06月,,,8.7,白,000 AC NV TV AW,,,,,
テスラ,モデルＹ 4WD,2024,ＡＴ,9,YL3YPT,5 - すごくきれい,263 ～ 268,2025年06月,,,8.12,パール,000 AC,,,,,
テスラ,モデル３ 4WD,2023,ＡＴ,11,3L23T,5 - すごくきれい,326 ～ 330,2025年06月,,,9.2,グレー,000 AC NV TV 革,,,,,
テスラ,モデル３ 5D 4WD,2020,ＣＡＴ,0,3L23P,5 - すごくきれい,256 ～ 260,2025年06月,パフォーマンス,,7.11,パール,000 AC NV TV AW SR 革,,,,,
テスラ,モデル３ 4WD,2021,ＡＴ,180,3L23,3 - 普通,135 ～ 139,2025年06月,,,,黒,000 AC NV TV AW,,,,,
テスラ,モデルＸ 5D 4WD,2017,ＡＴ,146,4 - きれい,154 ～ 158,nan,2025年06月,７５Ｄ,,,黒,000 AC NV TV AW SR 革,,,,,
テスラ,モデルＳ 5D 4WD,2015,ＡＴ,51,SL2S2A,5 - すごくきれい,175 ～ 181,2025年06月,Ｐ８５Ｄ,,,赤,000 AC NV TV AW SR 革,,,,,
テスラ,モデル３ 4WD,2021,ＣＡＴ,178,3L23,-1 - 修復歴あり,140 ～ 145,2025年06月,,,,パール,000 AC NV TV 革,,,,,
テスラ,モデル３ 4WD,2021,ＡＴ,37,3L23,5 - すごくきれい,212 ～ 217,2025年06月,,,,白,000 AC NV TV AW SR 革,,,,,
テスラ,モデルＳ 5D 2WD,2018,ＣＡＴ,64,5 - すごくきれい,258 ～ 260,nan,2025年06月,１００Ｄ,,8.2,パール,000 AC NV TV AW SR 革,,,,,
テスラ,モデル３ 5D 4WD,2021,ＡＴ,50,3L23B,5 - すごくきれい,201 ～ 204,2025年06月,ロングレンジ,,8.5,グレー,000 AC SR 革,,,,,
テスラ,モデルＸ 4WD,2020,ＡＴ,9,5 - すごくきれい,625 ～ 630,nan,2025年06月,,,7.11,黒,000 AC NV TV AW SR 革,,,,,
テスラ,モデル３ 5D 2WD,2020,ＣＡＴ,35,3L13,5 - すごくきれい,177 ～ 180,2025年06月,スタンダードレンジプラス,,7.10,パール,000 NV TV AW SR 革,,,,,
テスラ,モデルＹ 2WD,2022,ＣＡＴ,35,YL1YT,5 - すごくきれい,286 ～ 292,2025年06月,,,7.8,パール,000 AC NV TV AW SR 革,,,,,
テスラ,モデルＹ 2WD,2022,ＡＴ,36,YL1YT,5 - すごくきれい,277 ～ 281,2025年06月,,,7.12,パール,000 AC NV TV AW SR 革,,,,,
テスラ,モデル３ 5D 2WD,2020,ＣＡＴ,11,3L13,5 - すごくきれい,180 ～ 183,2025年06月,スタンダードレンジプラス,,,パール,000 AC NV TV AW SR 革,,,,,
テスラ,モデル３ 4WD,2021,ＡＴ,78,3L23,5 - すごくきれい,194 ～ 197,2025年06月,,,8.8,黒,000 AC NV TV AW SR 革,,,,,
テスラ,モデルＳ 5D 2WD,2015,ＡＴ,177,SL1S,3 - 普通,78 ～ 83,2025年06月,85,,,パール,000 AC NV TV AW SR 革,,,,,
テスラ,モデル３ 5D 2WD,2021,ＡＴ,25,3L13,5 - すごくきれい,182 ～ 187,2025年06月,スタンダードレンジプラス,,9.3,青,000 AC NV TV AW SR 革,,,,,
テスラ,モデルＹ 5D 4WD,2022,ＡＴ,12,YL3YPT,5 - すごくきれい,330 ～ 334,2025年06月,パフォーマンス,,7.7,黒,000 AC NV TV AW SR 革,,,,,
テスラ,モデルＳ 5D 4WD,2016,ＡＴ,38,5 - すごくきれい,245 ～ 249,nan,2025年06月,９０Ｄ,,8.12,白,000 AC NV TV AW SR 革,,,,,
テスラ,モデル３ 5D 2WD,2021,ＣＡＴ,53,3L13B,4 - きれい,164 ～ 167,2025年06月,スタンダードプラス,,8.7,白,000 AC NV TV AW SR 革,,,,,
テスラ,モデル３ 4WD,2021,ＡＴ,44,3L23,5 - すごくきれい,216 ～ 219,2025年06月,,,8.3,パール,000 AC NV TV AW SR 革,,,,,
テスラ,モデル３ 4WD,2020,ＡＴ,57,3L23,4 - きれい,191 ～ 197,2025年06月,,,7.11,白,000 AC NV TV AW SR 革,,,,,
テスラ,モデル３ 2WD,2022,ＣＡＴ,33,3L13T,5 - すごくきれい,203 ～ 208,2025年06月,,,,パール,000 AC NV TV SR 革,,,,,
テスラ,モデル３ 4WD,2021,ＡＴ,67,3L23,5 - すごくきれい,189 ～ 193,2025年06月,,,8.3,パール,000 AC NV TV AW SR 革,,,,,
テスラ,モデル３ 5D 4WD,2021,ＣＡＴ,20,3L23B,4 - きれい,223 ～ 226,2025年06月,ロングレンジ,,8.10,白,000 AC NV TV AW SR 革,,,,,
テスラ,モデル３ 5D 2WD,2025,ＡＴ,7,3L13T,5 - すごくきれい,358 ～ 363,2025年06月,ＲＷＤ,,10.1,ワイン,000 AC NV TV AW SR 革,,,,,
テスラ,モデル３ 5D 2WD,2021,ＡＴ,20,3L13,5 - すごくきれい,272 ～ 274,2025年06月,スタンダードレンジプラス,,8.2,黒,000 AC NV TV AW SR 革,,,,,
テスラ,モデルＹ 4WD,2023,ＡＴ,36,YL3YT,5 - すごくきれい,313 ～ 317,2025年06月,,,8.4,黒,000 AC NV TV SR 革,,,,,
テスラ,モデルＹ 4WD,2023,ＡＴ,8,YL3YT,5 - すごくきれい,331 ～ 333,2025年06月,,,8.9,パール,000 AC NV TV AW SR 革,,,,,
テスラ,モデル３ 5D 4WD,2021,ＡＴ,21,3L23B,5 - すごくきれい,238 ～ 241,2025年06月,ロングレンジ,,,パール,000 AC NV TV AW SR 革,,,,,
テスラ,モデル３ 4WD,2020,ＡＴ,87,3L23,5 - すごくきれい,187 ～ 193,2025年06月,,,7.9,パール,000 AC NV TV AW SR 革,,,,,
テスラ,モデル３ 5D 4WD,2023,ＡＴ,16,3L13T,5 - すごくきれい,242 ～ 246,2025年06月,ベースグレード,,8.10,パール,000 AC NV TV AW SR 革,,,,,
テスラ,モデルＹ 2WD,2022,ＡＴ,27,YL1YT,5 - すごくきれい,299 ～ 304,2025年06月,,,7.12,パール,000 AC NV TV AW SR 革,,,,,
テスラ,モデルＹ 5D 2WD,2022,ＣＡＴ,28,YL1YT,5 - すごくきれい,249 ～ 253,2025年06月,ベースグレード,,,白,000 AC,,,,,
テスラ,モデルＸ 5D 4WD,2018,ＡＴ,29,4 - きれい,301 ～ 304,nan,2025年06月,７５Ｄ,,,シルバー,000 AC NV TV AW SR 革,,,,,
テスラ,モデル３ 5D 4WD,2019,ＣＡＴ,41,3L23P,5 - すごくきれい,204 ～ 209,2025年06月,パフォーマンス,,7.9,パール,000 AC NV TV AW SR 革,,,,,
テスラ,モデル３ 4WD,2021,ＣＡＴ,71,3L23,5 - すごくきれい,180 ～ 183,2025年06月,,,8.2,赤,000 AC NV TV AW SR 革,,,,,
テスラ,モデル３ 4WD,2021,ＣＡＴ,36,3L23,5 - すごくきれい,209 ～ 213,2025年06月,,,7.9,パール,000 AC NV TV AW SR 革,,,,,
テスラ,モデル３ 2WD,2022,ＣＡＴ,68,3L23T,4 - きれい,190 ～ 194,2025年06月,,,,紺,000 AC NV TV AW SR 革,,,,,
テスラ,モデル３ 4WD,2020,ＡＴ,22,3L23,5 - すごくきれい,217 ～ 219,2025年06月,,,7.7,パール,000 AC NV TV AW SR 革,,,,,
テスラ,モデルＳ 5D 2WD,2018,ＡＴ,12,5 - すごくきれい,188 ～ 192,nan,2025年06月,75,,8.2,赤,000 AC NV TV AW SR 革,,,,,
テスラ,モデル３ 4WD,2022,ＡＴ,43,3L23T,5 - すごくきれい,235 ～ 238,2025年06月,,,9.5,パール,000 AC NV TV AW SR 革,,,,,
テスラ,モデル３ 4WD,2021,ＣＡＴ,15,3L23,5 - すごくきれい,245 ～ 248,2025年06月,,,8.1,グレー,000 AC NV TV AW SR 革,,,,,
テスラ,モデル３ 5D 4WD,2021,ＡＴ,33,3L23P,5 - すごくきれい,234 ～ 237,2025年06月,パフォーマンス,,8.8,グレー,000 AC NV TV AW SR 革,,,,,
テスラ,モデル３ 5D 2WD,2020,ＡＴ,68,3L13,5 - すごくきれい,179 ～ 184,2025年06月,スタンダードレンジプラス,,7.6,白,000 AC NV TV AW SR 革,,,,,
テスラ,モデル３ 4WD,2021,ＡＴ,71,3L23,5 - すごくきれい,198 ～ 203,2025年06月,,,8.6,パール,000 AC NV TV AW SR 革,,,,,
テスラ,モデル３ 4WD,2021,ＣＡＴ,46,3L23,5 - すごくきれい,221 ～ 226,2025年06月,,,8.3,パール,000 AC NV TV AW SR 革,,,,,
テスラ,モデル３ 4WD,2021,ＣＡＴ,18,3L23,5 - すごくきれい,208 ～ 212,2025年06月,,,8.4,青,000 AC NV TV AW SR 革,,,,,
テスラ,モデル３ 5D 4WD,2021,ＡＴ,12,3L23B,5 - すごくきれい,238 ～ 240,2025年06月,ロングレンジ,,8.6,パール,000 AC NV TV AW SR 革,,,,,
テスラ,モデル３ 4WD,2020,ＡＴ,61,3L23,4 - きれい,200 ～ 203,2025年06月,,,,パール,000 AC NV TV AW SR 革,,,,,
テスラ,モデル３ 2WD,2022,ＡＴ,27,3L13T,5 - すごくきれい,210 ～ 215,2025年06月,,,7.7,白,000 AC NV TV AW SR 革,,,,,
テスラ,モデルＸ 5D 4WD,2017,ＡＴ,119,4 - きれい,220 ～ 224,nan,2025年06月,９０Ｄ,,8.4,パール,000 AC NV TV AW SR 革,,,,,
テスラ,モデル３ 5D 2WD,2024,ＡＴ,4,3L13T,5 - すごくきれい,426 ～ 429,2025年06月,ＲＷＤ,,9.12,パール,000 AC NV TV AW SR 革,,,,,
テスラ,モデルＹ 5D 4WD,2024,ＣＡＴ,8,YL3YT,5 - すごくきれい,298 ～ 303,2025年06月,,,9.3,パール,000 AC NV TV AW 革,,,,,
テスラ,モデル３ 5D 4WD,2020,ＡＴ,62,3L23P,5 - すごくきれい,202 ～ 204,2025年06月,パフォーマンス,,,赤,000 AC NV TV AW SR 革,,,,,
テスラ,モデルＹ 2WD,2022,ＣＡＴ,36,YL1YT,5 - すごくきれい,249 ～ 253,2025年06月,,,,グレー,000 AC NV TV AW SR 革,,,,,
テスラ,モデルＳ 4WD,2017,ＡＴ,114,4 - きれい,185 ～ 190,nan,2025年05月,,,,シルバー,000 AC NV TV AW SR 革,,,,,
テスラ,モデル３ 5D 2WD,2020,ＡＴ,31,3L13,5 - すごくきれい,164 ～ 168,2025年05月,スタンダードレンジプラス,,,赤,000 AC NV TV AW SR 革,,,,,
テスラ,モデル３ 2WD,2022,ＣＡＴ,56,3L13T,5 - すごくきれい,199 ～ 203,2025年05月,,,8.12,白,000 AC NV TV AW SR 革,,,,,
テスラ,モデル３ 4WD,2021,ＡＴ,52,3L23,5 - すごくきれい,213 ～ 215,2025年05月,,,,パール,000 AC NV TV AW SR 革,,,,,
テスラ,モデルＳ 5D 2WD,2017,ＡＴ,76,5 - すごくきれい,157 ～ 161,nan,2025年05月,75,,,黒,000 AC NV TV AW SR 革,,,,,
テスラ,モデル３ 5D 4WD,2021,ＡＴ,41,3L23B,5 - すごくきれい,222 ～ 226,2025年05月,ロングレンジ,,8.10,パール,000 AC NV TV AW SR 革,,,,,
テスラ,モデルＹ 2WD,2022,ＣＡＴ,26,YL1YT,5 - すごくきれい,257 ～ 260,2025年05月,,,7.7,グレー,000 AC NV TV AW SR 革,,,,,
テスラ,モデルＸ 4WD,2023,ＡＴ,19,XLA,5 - すごくきれい,757 ～ 762,2025年05月,,,9.1,黒,000 AC NV TV AW SR 革,,,,,
テスラ,モデル３ 4WD,2024,ＡＴ,21,3L23T,4 - きれい,368 ～ 371,2025年05月,,,9.6,パール,000 AC NV TV AW SR 革,,,,,
テスラ,モデルＳ 5D 2WD,2014,ＡＴ,94,SL1SA,4 - きれい,119 ～ 124,2025年05月,85,,7.10,紺,000 AC NV TV AW SR 革,,,,,
テスラ,モデル３ 5D 4WD,2020,ＡＴ,16,3L23P,5 - すごくきれい,239 ～ 243,2025年05月,パフォーマンス,,8.11,パール,000 AC NV TV AW SR 革,,,,,
テスラ,モデルＹ 2WD,2022,ＣＡＴ,40,YL1YT,4 - きれい,235 ～ 240,2025年05月,,,7.10,グレー,000 AC NV TV AW SR 革,,,,,
テスラ,モデル３ 2WD,2022,ＡＴ,6,3L13T,5 - すごくきれい,233 ～ 239,2025年05月,,,,青,000 AC NV TV AW SR 革,,,,,
テスラ,モデルＸ 5D 4WD,2017,ＡＴ,111,4 - きれい,222 ～ 226,nan,2025年05月,１００Ｄ,,8.3,青,000 AC NV TV AW SR 革,,,,,
テスラ,モデル３ 5D 2WD,2021,ＣＡＴ,24,3L13,5 - すごくきれい,202 ～ 206,2025年05月,スタンダードレンジプラス,,8.7,グレー,000 AC NV TV SR 革,,,,,
テスラ,モデルＹ 5D 4WD,2024,ＡＴ,8,YL3YPT,5 - すごくきれい,351 ～ 354,2025年05月,パフォーマンス,,9.5,グレー,000 AC NV TV AW SR 革,,,,,
テスラ,モデル３ 4WD,2022,ＡＴ,30,3L23T,5 - すごくきれい,267 ～ 272,2025年05月,,,,パール,000 AC NV TV AW SR 革,,,,,
テスラ,モデル３ 2WD,2022,ＡＴ,38,3L13T,5 - すごくきれい,188 ～ 192,2025年05月,,,7.4,赤,000 AC NV TV AW SR 革,,,,,
テスラ,モデル３ 4WD,2021,ＡＴ,75,3L23,5 - すごくきれい,190 ～ 192,2025年05月,,,8.8,黒,000 AC NV TV AW SR 革,,,,,
テスラ,モデル３ 5D 4WD,2021,ＣＡＴ,33,3L23B,5 - すごくきれい,237 ～ 242,2025年05月,ロングレンジ,,8.12,パール,000 AC NV TV AW SR 革,,,,,
テスラ,モデルＳ 5D 4WD,2015,ＡＴ,89,SL2SA,4 - きれい,128 ～ 132,2025年05月,８５Ｄ,,8.4,グレー,000 AC NV TV AW SR 革,,,,,
テスラ,モデルＹ 5D 2WD,2022,ＡＴ,27,YL1YT,4 - きれい,259 ～ 264,2025年05月,ベースグレード,,7.10,黒,000 AC NV TV AW SR 革,,,,,
テスラ,モデルＹ 2WD,2022,ＣＡＴ,42,YL1YT,5 - すごくきれい,285 ～ 291,2025年05月,,,7.11,黒,000 AC NV TV AW SR 革,,,,,
テスラ,モデルＹ 2WD,2022,ＣＡＴ,42,YL1YT,5 - すごくきれい,287 ～ 289,2025年05月,,,8.2,黒,000 AC AW 革,,,,,
テスラ,モデル３ 5D 4WD,2021,ＣＡＴ,62,3L23P,5 - すごくきれい,224 ～ 229,2025年05月,パフォーマンス,,8.2,パール,000 AC NV TV AW SR 革,,,,,
テスラ,モデルＹ 2WD,2023,ＣＡＴ,26,YL1YT,5 - すごくきれい,270 ～ 276,2025年05月,,,8.1,青,000 AC NV TV AW SR 革,,,,,
テスラ,モデルＹ 5D 4WD,2023,ＣＡＴ,25,YL3YPT,5 - すごくきれい,326 ～ 330,2025年05月,パフォーマンス,,,白,000 AC NV TV AW SR 革,,,,,
テスラ,モデルＹ 5D 4WD,2022,ＣＡＴ,53,YL3YPT,4 - きれい,258 ～ 262,2025年05月,パフォーマンス,,7.7,白,000 AC NV TV AW SR 革,,,,,
テスラ,モデル３ 2WD,2022,ＡＴ,8,3L13T,5 - すごくきれい,213 ～ 218,2025年05月,,,7.4,赤,000 AC NV TV AW SR 革,,,,,
テスラ,モデル３ 5D 2WD,2021,ＣＡＴ,33,3L13B,5 - すごくきれい,202 ～ 205,2025年05月,スタンダードレンジプラス,,8.8,パール,000 AC NV TV AW SR 革,,,,,
テスラ,モデル３ 5D 2WD,2021,ＣＡＴ,34,3L13,5 - すごくきれい,205 ～ 211,2025年05月,スタンダードレンジプラス,,8.8,パール,000 AC NV TV AW SR 革,,,,,
テスラ,モデル３ 5D 4WD,2021,ＡＴ,109,3L23B,4 - きれい,156 ～ 161,2025年05月,ロングレンジ,,,白,000 AC NV TV AW SR 革,,,,,
テスラ,モデル３ 5D 4WD,2020,ＣＡＴ,73,3L23P,4 - きれい,183 ～ 187,2025年05月,パフォーマンス,,7.12,パール,000 AC NV TV AW SR 革,,,,,
テスラ,モデル３ 5D 2WD,2021,ＣＡＴ,71,3L13,5 - すごくきれい,167 ～ 171,2025年05月,スタンダードレンジプラス,,8.2,パール,000 AC NV TV AW SR 革,,,,,
テスラ,モデル３ 5D 2WD,2019,ＣＡＴ,41,3L13,4 - きれい,158 ～ 163,2025年05月,スタンダードレンジプラス,,8.9,青,000 AC SR 革,,,,,
テスラ,モデルＸ 5D 4WD,2019,ＣＡＴ,98,4 - きれい,305 ～ 309,nan,2025年05月,１００Ｄ,,8.3,白,000 AC NV TV AW SR 革,,,,,
テスラ,モデル３ 2WD,2021,ＡＴ,4,3L13B,5 - すごくきれい,226 ～ 230,2025年05月,,,8.5,赤,000 AC NV TV AW SR 革,,,,,
テスラ,モデルＳ 4WD,2018,ＣＡＴ,55,5 - すごくきれい,183 ～ 186,nan,2025年05月,,,8.8,黒,000 AC NV TV AW SR 革,,,,,
テスラ,モデル３ 5D 2WD,2024,ＡＴ,2,3L13T,5 - すごくきれい,366 ～ 369,2025年05月,ＲＷＤ,,9.12,グレー,000 AC NV TV AW SR 革,,,,,
テスラ,モデル３ 5D 2WD,2021,ＣＡＴ,16,3L13,5 - すごくきれい,220 ～ 224,2025年05月,スタンダードレンジプラス,,8.12,白,000 AC NV TV AW SR 革,,,,,
テスラ,モデルＸ 4WD,2020,ＡＴ,30,-1 - 修復歴あり,329 ～ 333,nan,2025年05月,,,8.4,黒,000 AC NV TV AW SR 革,,,,,
テスラ,モデル３ 5D 2WD,2020,ＡＴ,28,3L13,4 - きれい,179 ～ 181,2025年05月,スタンダードレンジプラス,,8.2,パール,000 AC NV TV SR 革,,,,,
テスラ,モデル３ 5D 2WD,2020,ＡＴ,28,3L13,4 - きれい,179 ～ 181,2025年05月,スタンダードレンジプラス,,8.2,パール,000 AC NV TV SR 革,,,,,
テスラ,モデル３ 2WD,2022,ＣＡＴ,31,3L13T,5 - すごくきれい,227 ～ 232,2025年05月,,,7.3,パール,000 AC NV TV AW SR 革,,,,,
テスラ,モデルＹ 2WD,2022,ＣＡＴ,18,YL1YT,5 - すごくきれい,271 ～ 274,2025年05月,,,7.10,パール,000 AC NV TV AW SR 革,,,,,
テスラ,モデル３ 4WD,2021,ＡＴ,33,3L23,5 - すごくきれい,249 ～ 253,2025年05月,,,8.3,グレー,000 AC NV TV AW SR 革,,,,,
テスラ,モデル３ 5D 2WD,2020,ＡＴ,44,3L13,4 - きれい,172 ～ 177,2025年05月,スタンダードレンジプラス,,7.4,パール,000 AC AW SR 革,,,,,
テスラ,モデル３ 2WD,2022,ＡＴ,50,3L13T,5 - すごくきれい,185 ～ 190,2025年05月,,,9.3,赤,000 AC NV TV AW SR,,,,,
テスラ,モデルＹ 5D 2WD,2022,ＣＡＴ,1,YL1YT,5 - すごくきれい,277 ～ 279,2025年05月,ベースグレード,,,パール,000 AC SR,,,,,
テスラ,モデル３ 5D 2WD,2020,ＣＡＴ,25,3L13,5 - すごくきれい,198 ～ 203,2025年05月,スタンダードプラス,,7.12,パール,000 AC NV TV AW SR 革,,,,,
テスラ,モデルＸ 5D 4WD,2019,ＡＴ,27,5 - すごくきれい,367 ～ 371,nan,2025年05月,１００Ｄ,,,青,000 AC NV TV AW SR 革,,,,,
テスラ,モデル３ 5D 2WD,2021,ＡＴ,76,3L13,4 - きれい,168 ～ 172,2025年05月,スタンダードレンジプラス,,8.4,白,000 AC NV TV AW SR 革,,,,,
テスラ,モデルＹ 4WD,2023,ＣＡＴ,22,YL3YT,5 - すごくきれい,339 ～ 344,2025年05月,,,8.6,パール,000 AC NV TV AW 革,,,,,
テスラ,モデル３ 5D 2WD,2020,ＣＡＴ,26,3L13,5 - すごくきれい,198 ～ 201,2025年05月,スタンダードレンジプラス,,7.11,白,000 AC NV TV AW SR 革,,,,,
テスラ,モデルＸ 5D 4WD,2017,ＣＡＴ,60,4 - きれい,343 ～ 345,nan,2025年05月,１００Ｄ,,8.1,グレー,000 AC NV TV AW 革,,,,,
テスラ,モデルＹ 5D 2WD,2023,ＡＴ,13,YL1YT,5 - すごくきれい,276 ～ 279,2025年05月,ＲＷＤ,,8.5,青,000 AC NV TV AW SR 革,,,,,
テスラ,モデルＹ 2WD,2022,ＡＴ,24,YL1YT,5 - すごくきれい,294 ～ 296,2025年05月,,,7.11,白,000 AC NV TV AW SR 革,,,,,
テスラ,モデルＹ 5D 2WD,2023,ＡＴ,27,YL1YT,5 - すごくきれい,253 ～ 258,2025年05月,ＲＷＤ,,8.4,青,000 AC NV TV AW SR 革,,,,,
テスラ,モデル３ 5D 2WD,2019,ＡＴ,37,3L13,4 - きれい,139 ～ 144,2025年05月,スタンダードレンジプラス,,8.8,青,000 AC NV TV AW SR 革,,,,,
テスラ,モデル３ 5D 2WD,2021,ＣＡＴ,19,3L13B,5 - すごくきれい,227 ～ 230,2025年05月,スタンダードレンジプラス,,8.9,,000 AC NV TV AW SR 革,,,,,
テスラ,モデルＹ 4WD,2023,ＡＴ,6,YL3YT,5 - すごくきれい,369 ～ 372,2025年05月,,,8.9,黒,000 AC NV TV AW SR 革,,,,,
テスラ,モデル３ 5D 2WD,2021,ＣＡＴ,41,3L13B,5 - すごくきれい,214 ～ 218,2025年05月,スタンダードプラス,,8.10,白,000 AC NV TV AW SR 革,,,,,
テスラ,モデル３ 5D 4WD,2021,ＣＡＴ,16,3L23B,5 - すごくきれい,247 ～ 249,2025年05月,ロングレンジ,,,パール,000 AC NV TV AW SR 革,,,,,
テスラ,モデル３ 4WD,2022,ＡＴ,48,3L23T,5 - すごくきれい,272 ～ 277,2025年05月,,,8.12,パール,000 AC AW SR 革,,,,,
テスラ,モデル３ 5D 4WD,2021,ＡＴ,9,3L23B,5 - すごくきれい,253 ～ 257,2025年05月,ロングレンジ,,8.6,青,000 AC NV TV AW SR 革,,,,,
テスラ,モデル３ 2WD,2022,ＣＡＴ,40,3L13T,5 - すごくきれい,226 ～ 230,2025年05月,,,7.12,パール,000 AC NV TV AW SR 革,,,,,
テスラ,モデルＹ 4WD,2024,ＡＴ,1,YL3YT,5 - すごくきれい,322 ～ 328,2025年05月,,,9.9,パール,000 AC NV TV AW SR 革,,,,,
テスラ,モデル３ 2WD,2022,ＡＴ,22,3L23T,5 - すごくきれい,276 ～ 280,2025年05月,,,9.5,白,000 AC NV TV AW SR 革,,,,,
テスラ,モデル３ 4WD,2021,ＡＴ,37,3L23,5 - すごくきれい,236 ～ 239,2025年05月,,,8.7,黒,000 AC AW SR 革,,,,,
テスラ,モデルＹ 5D 2WD,2024,ＣＡＴ,5,YL1YT,5 - すごくきれい,302 ～ 305,2025年05月,ＲＷＤ,,9.8,黒,000 AC NV TV AW SR 革,,,,,
テスラ,モデル３ 4WD,2021,ＣＡＴ,24,3L23,5 - すごくきれい,263 ～ 266,2025年05月,,,8.1,パール,000 AC NV TV AW SR 革,,,,,
テスラ,モデルＹ 2WD,2022,ＡＴ,24,YL1YT,5 - すごくきれい,270 ～ 274,2025年05月,,,,黒,000 AC NV TV AW SR 革,,,,,
テスラ,モデル３ 5D 2WD,2020,ＣＡＴ,60,3L13,5 - すごくきれい,176 ～ 181,2025年05月,スタンダードレンジプラス,,7.10,赤,000 AC NV TV AW SR 革,,,,,
テスラ,モデルＹ 2WD,2022,ＡＴ,62,YL1YT,3 - 普通,238 ～ 242,2025年05月,,,7.11,黒,000 AC AW SR 革,,,,,
テスラ,モデルＳ 2WD,2014,ＣＡＴ,58,SL1S2A,5 - すごくきれい,160 ～ 163,2025年05月,,,7.8,パール,000 AC NV TV AW SR 革,,,,,
テスラ,モデル３ 2WD,2022,ＣＡＴ,60,3L13T,5 - すごくきれい,195 ～ 200,2025年05月,,,,白,000 AC NV TV AW SR 革,,,,,
テスラ,モデル３ 5D 2WD,2021,ＡＴ,15,3L13B,5 - すごくきれい,221 ～ 225,2025年05月,スタンダードレンジプラス,,8.6,白,000 AC NV TV AW SR 革,,,,,
テスラ,モデル３ 5D 2WD,2019,ＡＴ,41,3L13,3 - 普通,159 ～ 163,2025年05月,スタンダードレンジプラス,,,黒,000 AC NV TV AW,,,,,
テスラ,モデル３ 4WD,2022,ＣＡＴ,58,3L23T,5 - すごくきれい,236 ～ 240,2025年05月,,,,白,000 AC NV TV AW 革,,,,,
テスラ,モデル３ 2WD,2024,ＡＴ,5,3L13T,5 - すごくきれい,364 ～ 367,2025年05月,,,9.10,黒,000 AC NV TV AW SR 革,,,,,
テスラ,モデルＹ 5D 4WD,2022,ＡＴ,29,YL3YPT,4 - きれい,315 ～ 319,2025年05月,パフォーマンス,,7.8,黒,000 AC NV TV SR 革,,,,,
テスラ,モデル３ 2WD,2022,ＡＴ,29,3L13T,4 - きれい,217 ～ 222,2025年05月,,,9.4,白,000 AC NV TV AW SR 革,,,,,
テスラ,モデル３ 2WD,2021,ＣＡＴ,47,3L13B,4 - きれい,193 ～ 198,2025年05月,,,8.10,黒,000 AC,,,,,
テスラ,モデルＹ 5D 2WD,2023,ＣＡＴ,26,YL1YT,4 - きれい,245 ～ 249,2025年05月,ベースグレード,,8.4,紺,000 AC,,,,,
テスラ,モデルＹ 5D 2WD,2022,ＣＡＴ,28,YL1YT,4 - きれい,265 ～ 269,2025年05月,ベースグレード,,,黒,000 AC,,,,,
テスラ,モデルＹ 2WD,2022,ＣＡＴ,33,YL1YT,5 - すごくきれい,277 ～ 279,2025年05月,,,,グレー,000 AC NV TV AW SR,,,,,
テスラ,モデル３ 5D 2WD,2021,ＡＴ,17,3L13,5 - すごくきれい,216 ～ 220,2025年05月,スタンダードレンジプラス,,8.1,赤,000 AC NV TV AW SR 革,,,,,
テスラ,モデルＹ 5D 4WD,2023,ＡＴ,9,YL3YPT,5 - すごくきれい,373 ～ 377,2025年05月,パフォーマンス,,8.1,グレー,000 AC NV TV AW SR 革,,,,,
テスラ,モデルＹ 2WD,2023,ＣＡＴ,4,YL1YT,5 - すごくきれい,325 ～ 329,2025年05月,,,8.5,パール,000 AC SR 革,,,,,
テスラ,モデル３ 5D 2WD,2020,ＡＴ,108,3L13,4 - きれい,174 ～ 178,2025年05月,スタンダードレンジプラス,,,パール,000 AC NV TV AW 革,,,,,
テスラ,モデル３ 5D 4WD,2023,ＣＡＴ,34,3L23T,5 - すごくきれい,248 ～ 253,2025年05月,ロングレンジ ＡＷＤ,,,黒,000 AC NV TV AW SR 革,,,,,
テスラ,モデルＳ 5D 2WD,2014,ＡＴ,42,SL1S2A,5 - すごくきれい,163 ～ 167,2025年05月,Ｐ８５ プラス,,,青,000 AC NV TV AW SR 革,,,,,
テスラ,モデル３ 5D 4WD,2021,ＡＴ,8,3L23B,5 - すごくきれい,272 ～ 275,2025年05月,ロングレンジ,,8.5,パール,000 AC NV TV AW SR 革,,,,,
テスラ,モデル３ 5D 2WD,2024,ＡＴ,7,3L13T,5 - すごくきれい,379 ～ 382,2025年05月,ＲＷＤ,,9.9,白,000 AC,,,,,
テスラ,モデル３ 4WD,2021,ＣＡＴ,42,3L23,5 - すごくきれい,236 ～ 240,2025年05月,,,8.3,白,000 AC NV TV AW 革,,,,,
テスラ,モデル３ 2WD,2022,ＡＴ,13,3L13T,5 - すごくきれい,228 ～ 232,2025年05月,,,,黒,000 AC NV TV AW SR 革,,,,,
テスラ,モデル３ 2WD,2023,ＣＡＴ,13,3L13T,5 - すごくきれい,252 ～ 255,2025年05月,,,8.4,グレー,000 AC NV TV AW SR 革,,,,,
テスラ,モデルＹ 2WD,2022,ＡＴ,31,YL1YT,5 - すごくきれい,275 ～ 279,2025年05月,,,7.8,白,000 AC NV TV AW 革,,,,,
テスラ,モデル３ 4WD,2021,ＡＴ,32,3L23,5 - すごくきれい,269 ～ 274,2025年05月,,,8.5,グレー,000 AC NV TV AW SR 革,,,,,
テスラ,モデル３ 5D 4WD,2021,ＡＴ,28,3L23B,5 - すごくきれい,253 ～ 256,2025年05月,ロングレンジ,,8.10,青,000 AC NV TV AW SR 革,,,,,
テスラ,モデル３ 4WD,2022,ＡＴ,54,3L23T,5 - すごくきれい,234 ～ 238,2025年05月,,,7.8,パール,000 AC NV TV AW 革,,,,,
テスラ,モデルＹ 2WD,2022,ＡＴ,53,YL1YT,5 - すごくきれい,249 ～ 253,2025年04月,,,7.10,パール,000 AC NV TV AW SR 革,,,,,
テスラ,モデルＹ 2WD,2022,ＣＡＴ,42,YL1YT,5 - すごくきれい,266 ～ 271,2025年04月,,,8.2,黒,000 AC NV TV AW SR 革,,,,,
テスラ,モデルＳ 5D 2WD,2017,ＡＴ,115,4 - きれい,154 ～ 159,nan,2025年04月,９０Ｄ,,,黒,000 AC NV TV AW SR 革,,,,,
テスラ,モデル３ 4WD,2021,ＣＡＴ,55,3L23,4 - きれい,198 ～ 200,2025年04月,,,8.6,青,000 AC NV TV AW SR 革,,,,,
テスラ,モデル３ 5D 4WD,2020,ＡＴ,61,3L23P,4 - きれい,209 ～ 213,2025年04月,パフォーマンス,,8.11,赤,000 AC NV TV AW SR 革,,,,,
テスラ,モデル３ 5D 2WD,2020,ＣＡＴ,50,3L13,5 - すごくきれい,187 ～ 189,2025年04月,スタンダードレンジプラス,,,白,000 AC NV TV AW SR 革,,,,,
テスラ,モデル３ 5D 4WD,2019,ＡＴ,111,3L23P,3 - 普通,149 ～ 154,2025年04月,パフォーマンス,,8.10,パール,000 AC NV TV AW SR 革,,,,,
テスラ,モデル３ 5D 4WD,2021,ＡＴ,22,3L23B,5 - すごくきれい,216 ～ 220,2025年04月,ロングレンジ,,8.10,青,000 AC NV TV AW SR 革,,,,,
テスラ,モデル３ 4WD,2022,ＣＡＴ,30,3L23T,5 - すごくきれい,268 ～ 273,2025年04月,,,7.7,黒,000 AC NV TV AW SR 革,,,,,
テスラ,モデルＹ 2WD,2022,ＣＡＴ,29,YL1YT,5 - すごくきれい,284 ～ 288,2025年04月,,,7.11,パール,000 AC NV TV AW SR 革,,,,,
テスラ,モデルＹ 2WD,2022,ＡＴ,21,YL1YT,5 - すごくきれい,290 ～ 292,2025年04月,ガンＭ,,,,000 AC NV TV AW SR 革,,,,,
テスラ,モデル３ 5D 4WD,2021,ＡＴ,43,3L23,5 - すごくきれい,237 ～ 239,2025年04月,ロングレンジ ＡＷＤ,,9.1,パール,000 AC AW 革,,,,,
テスラ,モデルＳ 5D 2WD,2018,ＣＡＴ,26,5 - すごくきれい,173 ～ 178,nan,2025年04月,75,,9.3,青,000 AC NV TV AW SR 革,,,,,
テスラ,モデル３ 4WD,2021,ＡＴ,41,3L23,4 - きれい,197 ～ 201,2025年04月,,,8.1,青,000 AC NV TV AW SR 革,,,,,
テスラ,モデルＳ 2WD,2020,ＡＴ,16,3 - 普通,344 ～ 346,nan,2025年04月,,,7.10,パール,000 AC NV TV AW SR 革,,,,,
テスラ,モデル３ 4WD,2022,ＣＡＴ,5,3L23T,5 - すごくきれい,292 ～ 295,2025年04月,,,7.9,パール,000 AC NV TV AW SR 革,,,,,
テスラ,モデル３ 5D 2WD,2021,ＡＴ,31,3L13,5 - すごくきれい,200 ～ 203,2025年04月,スタンダードレンジプラス,,7.12,黒,000 AC NV TV 革,,,,,
テスラ,モデル３ 4WD,2021,ＡＴ,85,3L23,5 - すごくきれい,197 ～ 201,2025年04月,,,8.8,パール,000 AC NV TV AW SR 革,,,,,
テスラ,モデル３ 5D 4WD,2021,ＡＴ,54,3L23B,5 - すごくきれい,218 ～ 223,2025年04月,ロングレンジ,,,グレー,000 AC NV TV AW 革,,,,,
テスラ,モデル３ 2WD,2022,ＡＴ,31,3L13T,5 - すごくきれい,199 ～ 203,2025年04月,,,,赤,000 AC NV TV AW SR 革,,,,,
テスラ,モデルＹ 2WD,2022,ＣＡＴ,24,YL1YT,4 - きれい,296 ～ 300,2025年04月,,,7.10,黒,000 AC AW SR 革,,,,,
テスラ,モデル３ 5D 2WD,2019,ＡＴ,28,3L13,5 - すごくきれい,162 ～ 164,2025年04月,スタンダードレンジプラス,,8.10,黒,000 AC NV TV AW SR 革,,,,,
テスラ,モデル３ 5D 4WD,2021,ＡＴ,22,3L23B,5 - すごくきれい,238 ～ 243,2025年04月,ロングレンジ,,8.7,グレー,000 AC NV TV AW SR 革,,,,,
テスラ,モデル３ 5D 2WD,2019,ＣＡＴ,30,3L13,3 - 普通,132 ～ 136,2025年04月,スタンダードレンジプラス,,8.7,赤,000 AC NV TV AW SR 革,,,,,
テスラ,モデルＹ 2WD,2023,ＣＡＴ,26,YL1YT,5 - すごくきれい,280 ～ 286,2025年04月,,,8.7,パール,000 AC NV TV AW SR 革,,,,,
テスラ,モデル３ 4WD,2021,ＡＴ,22,3L23B,5 - すごくきれい,260 ～ 263,2025年04月,,,,パール,000 AC NV TV AW 革,,,,,
テスラ,モデル３ 5D 2WD,2022,ＡＴ,29,3L13T,5 - すごくきれい,231 ～ 236,2025年04月,ＲＷＤ,,7.5,白,000 AC NV TV SR 革,,,,,
テスラ,モデル３ 2WD,2023,ＡＴ,8,3L13T,5 - すごくきれい,313 ～ 315,2025年04月,,,8.5,白,000 AC NV TV AW 革,,,,,
テスラ,モデル３ 5D 2WD,2021,ＡＴ,39,3L13B,5 - すごくきれい,232 ～ 238,2025年04月,スタンダードレンジプラス,,8.7,パール,000 AC NV TV SR 革,,,,,
テスラ,モデル３ 5D 2WD,2020,ＡＴ,19,3L13,5 - すごくきれい,233 ～ 239,2025年04月,スタンダードレンジプラス,,7.9,白,000 AC NV TV AW SR 革,,,,,
テスラ,モデルＸ 5D 4WD,2018,ＡＴ,49,5 - すごくきれい,422 ～ 424,nan,2025年04月,１００Ｄ,,7.6,黒,000 AC NV TV AW SR 革,,,,,
テスラ,モデル３ 5D 4WD,2021,ＣＡＴ,40,3L23B,4 - きれい,238 ～ 242,2025年04月,ロングレンジ,,8.5,パール,000 AC SR 革,,,,,
テスラ,モデル３ 4WD,2021,ＡＴ,11,3L23,5 - すごくきれい,251 ～ 254,2025年04月,,,,青,000 AC NV TV SR 革,,,,,
テスラ,モデルＹ 2WD,2023,ＡＴ,29,YL1YT,4 - きれい,298 ～ 301,2025年04月,,,8.5,黒,000 AC NV TV AW SR 革,,,,,
テスラ,モデル３ 5D 2WD,2020,ＡＴ,49,3L13,5 - すごくきれい,161 ～ 163,2025年04月,スタンダードレンジプラス,,9.3,青,000 AC NV TV AW SR 革,,,,,
テスラ,モデル３ 4WD,2021,ＡＴ,62,3L23,4 - きれい,215 ～ 220,2025年04月,,,8.8,パール,000 AC AW SR 革,,,,,
テスラ,モデル３ 5D 2WD,2021,ＣＡＴ,35,3L13B,5 - すごくきれい,231 ～ 235,2025年04月,スタンダードレンジプラス,,8.8,パール,000 AC NV TV AW SR 革,,,,,
テスラ,モデルＹ 5D 2WD,2024,ＣＡＴ,28,YL1YT,5 - すごくきれい,299 ～ 301,2025年04月,,,9.4,パール,000 AC NV TV AW SR 革,,,,,
テスラ,モデル３ 5D 4WD,2020,ＡＴ,8,3L23P,5 - すごくきれい,279 ～ 282,2025年04月,パフォーマンス,,7.11,パール,000 AC NV TV AW SR 革,,,,,
テスラ,モデルＹ 5D 2WD,2024,ＡＴ,7,YL1YT,5 - すごくきれい,371 ～ 376,2025年04月,,,9.1,パール,000 AC NV TV AW SR 革,,,,,
テスラ,モデル３ 4WD,2024,ＡＴ,6,3L23T,5 - すごくきれい,433 ～ 436,2025年04月,,,9.8,パール,000 AC NV TV AW SR 革,,,,,
テスラ,モデル３ 5D 2WD,2021,ＡＴ,66,3L13,4 - きれい,147 ～ 153,2025年04月,スタンダードレンジプラス,,,パール,000 AC NV TV AW,,,,,
テスラ,モデル３ 4WD,2021,ＡＴ,71,3L23,5 - すごくきれい,210 ～ 214,2025年04月,,,,パール,000 AC NV TV AW,,,,,
テスラ,モデル３ 5D 2WD,2021,ＡＴ,96,3L13,5 - すごくきれい,148 ～ 152,2025年04月,スタンダードレンジプラス,,,パール,000 AC NV TV AW,,,,,
テスラ,モデルＳ 5D 4WD,2015,ＡＴ,108,SL2SA,4 - きれい,80 ～ 85,2025年04月,８５Ｄ,,,黒,000 AC NV TV AW SR 革,,,,,
テスラ,モデルＸ 5D 4WD,2020,ＡＴ,33,4 - きれい,438 ～ 443,nan,2025年04月,ロングレンジ,,,パール,000 AC NV TV AW SR 革,,,,,
テスラ,モデル３ 5D 2WD,2020,ＡＴ,68,3L13,5 - すごくきれい,149 ～ 153,2025年04月,スタンダードレンジプラス,,,赤,000 AC NV TV AW,,,,,
テスラ,モデル３ 5D 2WD,2021,ＡＴ,65,3L13,5 - すごくきれい,202 ～ 208,2025年04月,スタンダードレンジプラス,,9.1,パール,000 AC NV TV SR 革,,,,,
テスラ,モデル３ 4WD,2021,ＡＴ,61,3L23,5 - すごくきれい,211 ～ 215,2025年04月,,,,パール,000 AC NV TV AW 革,,,,,
テスラ,モデル３ 5D 2WD,2021,ＡＴ,59,3L13,5 - すごくきれい,207 ～ 213,2025年04月,スタンダードレンジプラス,,8.5,パール,000 AC NV TV AW SR 革,,,,,
テスラ,モデル３ 4WD,2020,ＡＴ,62,3L23,5 - すごくきれい,195 ～ 198,2025年04月,,,,黒,000 AC NV TV AW 革,,,,,
テスラ,モデル３ 5D 2WD,2020,ＡＴ,68,3L13,5 - すごくきれい,194 ～ 200,2025年04月,スタンダードレンジプラス,,,パール,000 AC NV TV AW 革,,,,,
テスラ,モデル３ 5D 2WD,2021,ＣＡＴ,26,3L13,5 - すごくきれい,224 ～ 227,2025年04月,スタンダードプラス,,8.9,パール,000 AC SR,,,,,
テスラ,モデル３ 2WD,2022,ＣＡＴ,31,3L13T,5 - すごくきれい,234 ～ 239,2025年04月,,,7.8,グレー,000 AC NV TV AW SR 革,,,,,
テスラ,モデル３ 5D 4WD,2022,ＡＴ,6,3L23T,5 - すごくきれい,313 ～ 318,2025年04月,ロングレンジ ＡＷＤ,,7.10,グレー,000 AC NV TV AW SR 革,,,,,
テスラ,モデル３ 4WD,2021,ＣＡＴ,33,3L23,5 - すごくきれい,267 ～ 271,2025年04月,,,8.9,白,000 AC NV TV AW SR 革,,,,,
テスラ,モデル３ 5D 2WD,2021,ＣＡＴ,44,3L13,4 - きれい,216 ～ 219,2025年04月,スタンダードレンジプラス,,8.10,パール,000 AC NV TV AW SR 革,,,,,
テスラ,モデル３ 5D 4WD,2020,ＡＴ,34,3L23B,4 - きれい,245 ～ 249,2025年04月,ロングレンジ,,7.6,白,000 AC NV TV AW SR 革,,,,,
テスラ,モデルＹ 2WD,2023,ＡＴ,14,YL1YT,5 - すごくきれい,299 ～ 302,2025年04月,,,8.8,パール,000 AC NV TV AW SR 革,,,,,
テスラ,モデルＹ 2WD,2022,ＡＴ,6,YL1YT,5 - すごくきれい,294 ～ 299,2025年04月,,,7.6,パール,000 AC NV TV AW SR 革,,,,,
テスラ,モデルＳ 4WD,2015,ＣＡＴ,70,SWL2S2A,5 - すごくきれい,180 ～ 184,2025年04月,,,7.2,グレー,000 AC NV TV AW SR 革,,,,,
テスラ,モデル３ 4WD,2021,ＡＴ,72,3L23,4 - きれい,189 ～ 192,2025年04月,,,8.6,パール,000 AC NV TV AW 革,,,,,
テスラ,モデルＹ 5D 4WD,2022,ＣＡＴ,52,YL3YPT,5 - すごくきれい,305 ～ 309,2025年04月,パフォーマンス,,7.9,白,000 AC NV TV AW SR 革,,,,,
テスラ,モデルＹ 5D 4WD,2022,ＡＴ,76,YL3YPT,5 - すごくきれい,268 ～ 273,2025年04月,パフォーマンス,,,グレー,000 AC NV TV AW,,,,,
テスラ,モデル３ 4WD,2021,ＡＴ,36,3L23,5 - すごくきれい,241 ～ 245,2025年04月,,,,パール,000 AC NV TV AW,,,,,
テスラ,モデル３ 5D 4WD,2021,ＡＴ,60,3L23B,5 - すごくきれい,201 ～ 206,2025年04月,ロングレンジ,,8.10,青,000 AC NV TV AW,,,,,
テスラ,モデル３ 4WD,2021,ＡＴ,131,3L23,3 - 普通,128 ～ 131,2025年04月,,,8.7,パール,000 AC NV TV AW 革,,,,,
テスラ,モデル３ 2WD,2022,ＣＡＴ,15,3L13T,5 - すごくきれい,218 ～ 224,2025年04月,,,7.3,赤,000 AC NV TV AW SR 革,,,,,
テスラ,モデル３ 5D 2WD,2021,ＣＡＴ,20,3L13B,5 - すごくきれい,236 ～ 241,2025年04月,スタンダードレンジプラス,,8.9,パール,000 AC NV TV AW SR 革,,,,,
テスラ,モデル３ 4WD,2024,ＡＴ,19,3L23T,5 - すごくきれい,412 ～ 416,2025年04月,,,,パール,000 AC NV TV 革,,,,,
テスラ,モデル３ 5D 2WD,2021,ＡＴ,39,3L13,5 - すごくきれい,240 ～ 245,2025年04月,スタンダードプラス,,8.9,パール,000 AC NV TV AW SR,,,,,
テスラ,モデルＹ 5D 2WD,2022,ＣＡＴ,11,YL1YT,5 - すごくきれい,302 ～ 305,2025年04月,ベースグレード,,7.10,白,000 AC NV TV AW 革,,,,,
テスラ,モデル３ 4WD,2022,ＡＴ,53,3L23T,5 - すごくきれい,235 ～ 238,2025年04月,,,,パール,000 AC NV TV AW SR 革,,,,,
テスラ,モデル３ 5D 4WD,2020,ＡＴ,21,3L23P,5 - すごくきれい,221 ～ 224,2025年04月,パフォーマンス,,7.10,赤,000 AC NV TV AW SR 革,,,,,
テスラ,モデルＸ 4WD,2020,ＡＴ,17,5 - すごくきれい,580 ～ 582,nan,2025年04月,,,7.6,黒,000 AC NV TV AW SR 革,,,,,
テスラ,モデル３ 4WD,2022,ＣＡＴ,32,3L23T,5 - すごくきれい,294 ～ 298,2025年04月,,,,黒,000 AC NV TV AW SR 革,,,,,
テスラ,モデル３ 4WD,2020,ＡＴ,31,3L23,5 - すごくきれい,261 ～ 266,2025年04月,,,7.12,パール,000 AC NV TV AW SR 革,,,,,
テスラ,モデルＳ 5D 4WD,2019,ＡＴ,47,5 - すごくきれい,300 ～ 302,nan,2025年04月,１００Ｄ,,8.3,パール,000 AC NV TV AW SR 革,,,,,
テスラ,モデルＹ 2WD,2022,ＡＴ,31,YL1YT,5 - すごくきれい,283 ～ 285,2025年04月,,,7.6,パール,000 AC NV TV AW SR 革,,,,,
テスラ,モデル３ 5D 2WD,2021,ＡＴ,42,3L13,5 - すごくきれい,203 ～ 209,2025年04月,スタンダードレンジプラス,,8.5,,000 AC NV TV AW SR 革,,,,,
テスラ,モデル３ 4WD,2022,ＣＡＴ,32,3L23T,-1 - 修復歴あり,142 ～ 147,2025年04月,,,,パール,000 AC NV TV AW SR 革,,,,,
テスラ,モデル３ 5D 2WD,2021,ＡＴ,94,3L13B,5 - すごくきれい,148 ～ 151,2025年04月,スタンダードレンジプラス,,,黒,000 AC NV TV AW 革,,,,,
テスラ,モデル３ 5D 4WD,2021,ＡＴ,21,3L23B,4 - きれい,230 ～ 235,2025年04月,ロングレンジ,,,パール,000 AC NV TV AW SR 革,,,,,
テスラ,モデル３ 2WD,2022,ＡＴ,58,3L13T,5 - すごくきれい,236 ～ 238,2025年04月,,,,パール,000 AC NV TV AW SR 革,,,,,
テスラ,モデル３ 5D 2WD,2021,ＡＴ,64,3L13,4 - きれい,200 ～ 203,2025年04月,スタンダードレンジプラス,,,パール,000 AC NV TV AW SR 革,,,,,
テスラ,モデル３ 5D 2WD,2022,ＣＡＴ,4,3L13T,5 - すごくきれい,266 ～ 270,2025年03月,ＲＷＤ,,7.6,白,000 AC NV TV AW SR 革,,,,,
テスラ,モデルＹ 2WD,2023,ＣＡＴ,24,YL1YT,4 - きれい,303 ～ 307,2025年03月,,,8.3,黒,000 AC NV TV AW SR 革,,,,,
テスラ,モデルＹ 2WD,2022,ＡＴ,28,YL1YT,5 - すごくきれい,293 ～ 296,2025年03月,,,7.10,パール,000 AC NV TV AW SR 革,,,,,
テスラ,モデルＹ 2WD,2022,ＡＴ,9,YL1YT,5 - すごくきれい,309 ～ 314,2025年03月,,,7.9,黒,000 AC NV TV AW SR 革,,,,,
テスラ,モデルＹ 2WD,2023,ＣＡＴ,25,YL1YT,4 - きれい,303 ～ 305,2025年03月,,,8.4,黒,000 AC SR 革,,,,,
テスラ,モデル３ 4WD,2021,ＣＡＴ,11,3L23,5 - すごくきれい,272 ～ 277,2025年03月,,,8.3,パール,000 AC NV TV AW SR 革,,,,,
テスラ,モデルＹ 2WD,2022,ＡＴ,6,YL1YT,5 - すごくきれい,311 ～ 313,2025年03月,,,7.11,黒,000 AC NV TV SR 革,,,,,
テスラ,モデル３ 4WD,2021,ＣＡＴ,13,3L23,5 - すごくきれい,272 ～ 276,2025年03月,,,7.12,パール,000 AC NV TV AW SR 革,,,,,
テスラ,モデルＹ 2WD,2022,ＡＴ,28,YL1YT,5 - すごくきれい,294 ～ 298,2025年03月,,,7.11,パール,000 AC NV TV AW 革,,,,,
テスラ,モデル３ 5D 2WD,2021,ＣＡＴ,40,3L13B,5 - すごくきれい,227 ～ 229,2025年03月,スタンダードレンジプラス,,8.4,白,000 AC NV TV AW SR 革,,,,,
テスラ,モデル３ 5D 2WD,2020,ＣＡＴ,29,3L13,5 - すごくきれい,215 ～ 218,2025年03月,スタンダードレンジプラス,,7.10,白,000 AC NV TV AW SR 革,,,,,
テスラ,モデル３ 5D 4WD,2019,ＡＴ,50,3L23P,5 - すごくきれい,217 ～ 220,2025年03月,パフォーマンス,,8.11,黒,000 AC NV TV AW SR 革,,,,,
テスラ,モデル３ 2WD,2022,ＣＡＴ,27,3L13T,5 - すごくきれい,252 ～ 258,2025年03月,,,,パール,000 AC NV TV AW SR 革,,,,,
テスラ,モデルＹ 5D 2WD,2023,ＡＴ,29,YL1YT,3 - 普通,269 ～ 273,2025年03月,ベースグレード,,7.11,パール,000 AC NV TV AW SR 革,,,,,
テスラ,モデル３ 2WD,2022,ＣＡＴ,28,3L13T,5 - すごくきれい,254 ～ 257,2025年03月,,,,パール,000 AC NV TV AW SR 革,,,,,
テスラ,モデルＹ 2WD,2023,ＣＡＴ,74,YL1YT,5 - すごくきれい,252 ～ 254,2025年03月,,,8.4,白,000 AC NV TV AW SR 革,,,,,
テスラ,モデルＳ 5D 4WD,2015,ＡＴ,54,SL2S2A,5 - すごくきれい,145 ～ 148,2025年03月,Ｐ８５Ｄ,,,赤,000 AC NV TV AW SR 革,,,,,
テスラ,モデル３ 4WD,2020,ＡＴ,32,3L23,4 - きれい,247 ～ 251,2025年03月,,,,グレー,000 AC NV TV AW SR 革,,,,,
テスラ,モデル３ 5D 2WD,2025,ＡＴ,3,3L13T,5 - すごくきれい,399 ～ 403,2025年03月,ＲＷＤ,,10.4,青,000 AC NV TV AW SR 革,,,,,
テスラ,モデル３ 4WD,2021,ＣＡＴ,79,3L23,5 - すごくきれい,208 ～ 213,2025年03月,,,7.12,黒,000 AC NV TV AW SR 革,,,,,
テスラ,モデル３ 4WD,2021,ＡＴ,50,3L23,3 - 普通,191 ～ 193,2025年03月,,,8.1,パール,000 AC NV TV AW SR 革,,,,,
テスラ,モデル３ 4WD,2021,ＡＴ,51,3L23,3 - 普通,191 ～ 193,2025年03月,,,7.12,パール,000 AC NV TV AW SR 革,,,,,
テスラ,モデルＹ 2WD,2023,ＣＡＴ,75,YL1YT,5 - すごくきれい,251 ～ 254,2025年03月,,,8.5,白,000 AC NV TV AW SR 革,,,,,
テスラ,モデル３ 5D 4WD,2020,ＡＴ,14,3L23P,5 - すごくきれい,239 ～ 244,2025年03月,パフォーマンス,,7.6,パール,000 AC NV TV AW SR 革,,,,,
テスラ,モデル３ 4WD,2023,ＡＴ,7,3L23T,5 - すごくきれい,414 ～ 417,2025年03月,,,9.2,グレー,000 AC NV TV AW 革,,,,,
テスラ,モデル３ 5D 2WD,2021,ＣＡＴ,9,3L13,5 - すごくきれい,234 ～ 239,2025年03月,スタンダードレンジプラス,,8.11,赤,000 AC NV TV AW SR 革,,,,,
テスラ,モデル３ 4WD,2021,ＣＡＴ,74,3L23,5 - すごくきれい,208 ～ 212,2025年03月,,,7.12,黒,000 AC NV TV AW SR 革,,,,,
テスラ,モデル３ 4WD,2023,ＡＴ,5,3L23T,5 - すごくきれい,412 ～ 416,2025年03月,,,8.11,グレー,000 AC NV TV AW SR 革,,,,,
テスラ,モデル３ 4WD,2020,ＡＴ,38,3L23,4 - きれい,245 ～ 249,2025年03月,,,,グレー,000 AC NV TV AW SR 革,,,,,
テスラ,モデル３ 5D 2WD,2021,ＣＡＴ,49,3L13B,5 - すごくきれい,204 ～ 207,2025年03月,スタンダードレンジプラス,,8.6,白,000 AC AW 革,,,,,
テスラ,モデル３ 5D 2WD,2022,ＣＡＴ,44,3L13T,5 - すごくきれい,220 ～ 223,2025年03月,ＲＷＤ,,,パール,000 AC NV TV AW SR 革,,,,,
テスラ,モデル３ 4WD,2022,ＣＡＴ,56,3L23T,5 - すごくきれい,231 ～ 235,2025年03月,,,,黒,000 AC NV TV AW SR 革,,,,,
テスラ,モデル３ 5D 2WD,2021,ＣＡＴ,43,3L13,5 - すごくきれい,211 ～ 217,2025年03月,スタンダードプラス,,8.1,パール,000 AC NV TV AW SR,,,,,
テスラ,モデルＳ 2WD,2015,ＡＴ,172,SL1S,3 - 普通,80 ～ 85,2025年03月,,,,パール,000 AC NV TV AW SR 革,,,,,
テスラ,モデル３ 4WD,2022,ＡＴ,38,3L23T,5 - すごくきれい,268 ～ 273,2025年03月,,,9.2,パール,000 AC NV TV SR 革,,,,,
テスラ,モデルＹ 5D 4WD,2022,ＣＡＴ,29,YL3YPT,5 - すごくきれい,344 ～ 348,2025年03月,パフォーマンス,,8.3,グレー,000 AC NV TV AW SR 革,,,,,
テスラ,モデル３ 5D 4WD,2022,ＡＴ,47,3L23T,4 - きれい,239 ～ 241,2025年03月,ロングレンジ ＡＷＤ,,7.3,白,000 AC NV TV AW SR 革,,,,,
テスラ,モデル３ 4WD,2022,ＣＡＴ,30,3L23T,5 - すごくきれい,269 ～ 274,2025年03月,,,9.5,白,000 AC NV TV AW SR 革,,,,,
テスラ,モデルＸ 5D 4WD,2020,ＡＴ,96,5 - すごくきれい,330 ～ 335,nan,2025年03月,ロングレンジ,,7.10,パール,000 AC NV TV AW SR 革,,,,,
テスラ,モデル３ 2WD,2022,ＣＡＴ,27,3L13T,5 - すごくきれい,254 ～ 257,2025年03月,,,7.10,パール,000 AC NV TV AW SR 革,,,,,
テスラ,モデルＹ 4WD,2023,ＡＴ,23,YL3YT,4 - きれい,368 ～ 371,2025年03月,,,,黒,000 AC NV TV AW SR 革,,,,,
テスラ,モデル３ 2WD,2022,ＡＴ,42,3L13,4 - きれい,228 ～ 232,2025年03月,,,7.4,グレー,000 AC NV TV 革,,,,,
テスラ,モデル３ 2WD,2022,ＡＴ,53,3L13T,5 - すごくきれい,230 ～ 234,2025年03月,,,,パール,000 AC NV TV AW 革,,,,,
テスラ,モデル３ 4WD,2022,ＡＴ,27,3L23T,5 - すごくきれい,290 ～ 294,2025年03月,,,7.12,パール,000 AC NV TV SR 革,,,,,
テスラ,モデル３ 5D 2WD,2021,ＣＡＴ,47,3L13,5 - すごくきれい,227 ～ 229,2025年03月,スタンダードレンジプラス,,9.1,黒,000 AC NV TV AW SR 革,,,,,
テスラ,モデルＳ 5D 2WD,2016,ＣＡＴ,88,4 - きれい,125 ～ 129,nan,2025年03月,75,,7.9,パール,000 AC NV TV AW SR 革,,,,,
テスラ,モデルＹ 5D 4WD,2023,ＡＴ,15,YL3YPT,5 - すごくきれい,396 ～ 399,2025年03月,パフォーマンス,,,黒,000 AC NV TV AW SR 革,,,,,
テスラ,モデル３ 4WD,2021,ＣＡＴ,56,3L23,5 - すごくきれい,266 ～ 271,2025年03月,,,8.11,白,000 AC NV TV AW SR 革,,,,,
テスラ,モデル３ 2WD,2022,ＡＴ,32,3L13T,5 - すごくきれい,234 ～ 240,2025年03月,,,9.1,白,000 AC NV TV AW SR 革,,,,,
テスラ,モデル３ 4WD,2022,ＣＡＴ,15,3L23T,5 - すごくきれい,279 ～ 282,2025年03月,,,7.10,赤,000 AC AW 革,,,,,
テスラ,モデル３ 5D 4WD,2021,ＣＡＴ,28,3L23B,5 - すごくきれい,275 ～ 277,2025年03月,ロングレンジ,,8.7,白,000 AC NV TV AW SR 革,,,,,
テスラ,モデルＳ 2WD,2018,ＣＡＴ,25,4 - きれい,265 ～ 269,nan,2025年03月,,,,黒,000 AC NV TV AW SR 革,,,,,
テスラ,モデルＸ 5D 4WD,2017,ＡＴ,48,5 - すごくきれい,266 ～ 271,nan,2025年03月,９０Ｄ,,8.12,黒,000 AC NV TV AW SR 革,,,,,
テスラ,モデル３ 4WD,2021,ＣＡＴ,35,3L23,5 - すごくきれい,264 ～ 268,2025年03月,,,8.3,パール,000 AC NV TV AW SR 革,,,,,
テスラ,モデルＸ 5D 4WD,2018,ＣＡＴ,50,-1 - 修復歴あり,328 ～ 333,nan,2025年03月,１００Ｄ,,7.4,,000 AC NV TV AW SR 革,,,,,
テスラ,モデルＹ 2WD,2022,ＣＡＴ,3,YL1YT,5 - すごくきれい,295 ～ 298,2025年03月,,,,赤,000 AC NV TV AW SR 革,,,,,
テスラ,モデル３ 5D 4WD,2021,ＣＡＴ,28,3L23B,5 - すごくきれい,275 ～ 277,2025年03月,ロングレンジ,,8.7,白,000 AC NV TV AW SR 革,,,,,
テスラ,モデルＹ 5D 4WD,2024,ＡＴ,9,YL3YPT,5 - すごくきれい,416 ～ 419,2025年03月,パフォーマンス,,9.2,パール,000 AC NV TV AW SR 革,,,,,
テスラ,モデル３ 4WD,2022,ＡＴ,64,3L23T,5 - すごくきれい,229 ～ 232,2025年03月,,,,グレー,000 AC NV TV AW,,,,,
テスラ,モデル３ 5D 4WD,2021,ＡＴ,79,3L23B,5 - すごくきれい,199 ～ 203,2025年03月,ロングレンジ,,8.9,パール,000 AC NV TV AW SR 革,,,,,
テスラ,モデルＹ 2WD,2023,ＣＡＴ,24,YL1YT,4 - きれい,292 ～ 297,2025年03月,,,8.5,黒,000 AC SR,,,,,
テスラ,モデル３ 4WD,2022,ＡＴ,38,3L23T,5 - すごくきれい,270 ～ 273,2025年03月,,,,白,000 AC AW,,,,,
テスラ,モデルＸ 5D 4WD,2019,ＡＴ,68,5 - すごくきれい,283 ～ 286,nan,2025年03月,１００Ｄ,,8.4,青,000 AC NV TV AW SR 革,,,,,
テスラ,モデル３ 4WD,2022,ＡＴ,59,3L23T,4 - きれい,234 ～ 239,2025年03月,,,,パール,000 AC NV TV AW,,,,,
テスラ,モデル３ 4WD,2022,ＣＡＴ,27,3L23T,5 - すごくきれい,292 ～ 296,2025年03月,,,,パール,000 AC NV TV AW SR 革,,,,,
テスラ,モデル３ 4WD,2020,ＡＴ,95,3L23,5 - すごくきれい,197 ～ 201,2025年03月,,,,パール,000 AC NV TV AW 革,,,,,
テスラ,モデルＸ 5D 4WD,2020,ＡＴ,32,5 - すごくきれい,559 ～ 563,nan,2025年03月,ロングレンジ,,7.7,白,000 AC NV TV AW SR 革,,,,,
テスラ,モデル３ 4WD,2022,ＡＴ,10,3L23PT,5 - すごくきれい,339 ～ 343,2025年03月,,,7.7,赤,000 AC NV TV AW 革,,,,,
テスラ,モデル３ 4WD,2022,ＡＴ,47,3L23T,5 - すごくきれい,261 ～ 267,2025年03月,,,7.4,パール,000 AC NV TV AW SR 革,,,,,
テスラ,モデルＹ 2WD,2022,ＡＴ,17,YL1YT,5 - すごくきれい,315 ～ 319,2025年03月,,,7.12,パール,000 AC NV TV AW SR 革,,,,,
テスラ,モデル３ 4WD,2021,ＣＡＴ,31,3L23,5 - すごくきれい,278 ～ 282,2025年03月,,,8.9,白,000 AC NV TV AW 革,,,,,
テスラ,モデル３ 4WD,2022,ＣＡＴ,32,3L23T,5 - すごくきれい,301 ～ 305,2025年03月,,,7.9,黒,000 AC NV TV AW SR 革,,,,,
テスラ,モデル３ 2WD,2022,ＣＡＴ,11,3L13T,5 - すごくきれい,276 ～ 279,2025年03月,,,7.8,黒,000 AC NV TV AW SR 革,,,,,
テスラ,モデル３ 4WD,2021,ＡＴ,8,3L23,5 - すごくきれい,287 ～ 293,2025年03月,,,8.2,パール,000 AC NV TV AW SR 革,,,,,
テスラ,モデル３ 5D 4WD,2022,ＡＴ,17,3L23B,5 - すごくきれい,294 ～ 298,2025年03月,ロングレンジ,,,パール,000 AC NV TV AW SR 革,,,,,
テスラ,モデルＹ 5D 4WD,2023,ＡＴ,25,YL3YPT,5 - すごくきれい,396 ～ 401,2025年03月,パフォーマンス,,8.7,パール,000 AC NV TV AW SR 革,,,,,
テスラ,モデルＸ 5D 4WD,2019,ＡＴ,114,4 - きれい,247 ～ 250,nan,2025年03月,１００Ｄ,,8.6,赤,000 AC NV TV AW SR 革,,,,,
テスラ,モデル３ 5D 2WD,2021,ＡＴ,12,3L13,5 - すごくきれい,264 ～ 267,2025年03月,スタンダードレンジプラス,,8.12,黒,000 AC NV TV AW SR 革,,,,,
テスラ,モデルＹ 2WD,2023,ＣＡＴ,23,YL1YT,5 - すごくきれい,287 ～ 290,2025年03月,,,7.12,パール,000 AC SR 革,,,,,
テスラ,モデルＳ 5D 4WD,2019,ＡＴ,17,5 - すごくきれい,298 ～ 302,nan,2025年03月,１００Ｄ,,8.2,グレー,000 AC NV TV AW SR 革,,,,,
テスラ,モデル３ 2WD,2023,ＡＴ,11,3L13T,5 - すごくきれい,282 ～ 288,2025年03月,,,8.8,グレー,000 AC NV TV AW 革,,,,,
テスラ,モデル３ 4WD,2019,ＡＴ,68,3L23P,5 - すごくきれい,228 ～ 231,2025年03月,,,8.6,パール,000 AC NV TV AW SR 革,,,,,
テスラ,モデル３ 5D 4WD,2022,ＣＡＴ,18,3L23T,5 - すごくきれい,318 ～ 322,2025年03月,ロングレンジ ＡＷＤ,,,パール,000 AC NV TV AW SR 革,,,,,
テスラ,モデルＹ 4WD,2023,ＡＴ,7,YL3YT,5 - すごくきれい,400 ～ 402,2025年03月,,,8.8,パール,000 AC NV TV AW 革,,,,,
テスラ,モデル３ 4WD,2021,ＡＴ,16,3L23,5 - すごくきれい,294 ～ 298,2025年03月,,,9.1,パール,000 AC NV TV SR 革,,,,,
テスラ,モデルＹ 2WD,2022,ＡＴ,31,YL1YT,5 - すごくきれい,301 ～ 306,2025年03月,,,8.1,黒,000 AC NV TV SR 革,,,,,
テスラ,モデルＳ 2WD,2019,ＡＴ,30,5 - すごくきれい,374 ～ 378,nan,2025年03月,,,8.9,パール,000 AC NV TV AW SR 革,,,,,
テスラ,モデル３ 4WD,2021,ＣＡＴ,31,3L23,5 - すごくきれい,263 ～ 267,2025年03月,,,7.12,パール,000 AC NV TV AW SR 革,,,,,
テスラ,モデル３ 2WD,2023,ＡＴ,15,3L13T,5 - すごくきれい,356 ～ 359,2025年03月,,,9.2,赤,000 AC NV TV AW SR 革,,,,,
テスラ,モデルＳ 4WD,2017,ＣＡＴ,72,SL1S2,4 - きれい,168 ～ 173,2025年03月,,,8.10,黒,000 AC NV TV AW SR 革,,,,,
テスラ,モデル３ 5D 4WD,2021,ＣＡＴ,43,3L23P,3 - 普通,229 ～ 232,2025年03月,パフォーマンス,,8.9,パール,000 AC NV TV AW SR 革,,,,,
テスラ,モデルＹ 5D 4WD,2023,ＣＡＴ,4,YL3YPT,5 - すごくきれい,419 ～ 424,2025年03月,パフォーマンス,,7.11,白,000 AC NV TV AW SR 革,,,,,
テスラ,モデルＹ 2WD,2022,ＡＴ,20,YL1YT,5 - すごくきれい,317 ～ 322,2025年03月,,,7.11,パール,000 AC NV TV AW SR 革,,,,,
テスラ,モデルＹ 5D 4WD,2023,ＡＴ,15,YL3YPT,5 - すごくきれい,390 ～ 393,2025年03月,パフォーマンス,,7.12,赤,000 AC NV TV AW SR 革,,,,,
テスラ,モデル３ 4WD,2022,ＡＴ,23,3L23T,5 - すごくきれい,292 ～ 298,2025年03月,,,8.1,白,000 AC NV TV AW SR 革,,,,,
テスラ,モデルＸ 5D 4WD,2017,ＡＴ,73,3 - 普通,233 ～ 237,nan,2025年03月,９０Ｄ,,8.8,黒,000 AC NV TV AW SR 革,,,,,
テスラ,モデル３ 5D 4WD,2020,ＡＴ,52,3L23P,5 - すごくきれい,237 ～ 240,2025年03月,パフォーマンス,,7.12,パール,000 AC NV TV AW SR 革,,,,,
テスラ,モデルＹ 2WD,2022,ＡＴ,32,YL1YT,5 - すごくきれい,308 ～ 312,2025年03月,ガンＭ,,7.8,,000 AC NV TV AW SR 革,,,,,
テスラ,モデルＳ 5D 4WD,2017,ＡＴ,94,5 - すごくきれい,312 ～ 317,nan,2025年03月,Ｐ１００Ｄ,,,黒,000 AC NV TV AW SR 革,,,,,
テスラ,モデル３ 5D 2WD,2021,ＡＴ,52,3L13,5 - すごくきれい,233 ～ 237,2025年03月,スタンダードレンジプラス,,8.2,黒,000 AC NV TV AW SR 革,,,,,
テスラ,モデル３ 5D 4WD,2021,ＡＴ,20,3L23B,5 - すごくきれい,290 ～ 292,2025年03月,ロングレンジ,,8.10,白,000 AC NV TV AW SR 革,,,,,
テスラ,モデルＹ 2WD,2022,ＣＡＴ,14,YL1YT,5 - すごくきれい,317 ～ 321,2025年03月,,,8.1,パール,000 AC NV TV AW SR 革,,,,,
テスラ,モデル３ 2WD,2023,ＡＴ,16,3L13T,5 - すごくきれい,308 ～ 311,2025年03月,,,7.12,パール,000 AC NV TV AW SR 革,,,,,
テスラ,モデル３ 5D 4WD,2021,ＣＡＴ,35,3L23B,5 - すごくきれい,269 ～ 273,2025年03月,ロングレンジ,,8.7,パール,000 AC NV TV AW SR 革,,,,,
テスラ,モデル３ 4WD,2022,ＡＴ,35,3L23T,5 - すごくきれい,273 ～ 277,2025年03月,,,,青,000 AC NV TV AW SR 革,,,,,
テスラ,モデル３ 5D 2WD,2021,ＡＴ,14,3L13B,5 - すごくきれい,260 ～ 264,2025年03月,スタンダードレンジプラス,,8.10,黒,000 AC NV TV AW SR 革,,,,,
テスラ,モデルＹ 5D 4WD,2024,ＣＡＴ,7,YL3YPT,5 - すごくきれい,399 ～ 402,2025年03月,パフォーマンス,,9.4,パール,000 AC NV TV AW SR 革,,,,,
テスラ,モデルＹ 4WD,2023,ＡＴ,5,YL3YT,5 - すごくきれい,376 ～ 381,2025年03月,,,8.9,青,000 AC NV TV AW SR 革,,,,,
テスラ,モデルＹ 5D 4WD,2022,ＡＴ,29,YL3YPT,4 - きれい,361 ～ 365,2025年03月,パフォーマンス,,7.9,白,000 AC NV TV AW SR 革,,,,,
テスラ,モデルＳ 5D 2WD,2017,ＡＴ,195,3 - 普通,80 ～ 84,nan,2025年03月,75,,8.5,グレー,000 AC NV TV AW SR 革,,,,,
テスラ,モデル３ 2WD,2022,ＣＡＴ,15,3L13T,5 - すごくきれい,265 ～ 269,2025年03月,,,,白,000 AC NV TV AW SR 革,,,,,
テスラ,モデルＹ 2WD,2023,ＣＡＴ,4,YL1YT,5 - すごくきれい,332 ～ 337,2025年03月,,,7.11,パール,000 AC NV TV AW 革,,,,,
テスラ,モデル３ 5D 2WD,2021,ＡＴ,78,3L13B,5 - すごくきれい,168 ～ 170,2025年03月,スタンダードレンジプラス,,,パール,000 AC NV TV AW SR 革,,,,,
テスラ,モデルＹ 2WD,2022,ＡＴ,11,YL1YT,5 - すごくきれい,300 ～ 304,2025年03月,,,8.2,青,000 AC AW 革,,,,,
テスラ,モデル３ 5D 4WD,2021,ＡＴ,41,3L23B,5 - すごくきれい,268 ～ 272,2025年03月,ロングレンジ,,8.8,パール,000 AC NV TV AW SR 革,,,,,
テスラ,モデル３ 5D 4WD,2022,ＡＴ,51,3L23B,5 - すごくきれい,267 ～ 272,2025年03月,ロングレンジ,,8.10,パール,000 AC NV TV AW SR 革,,,,,
テスラ,モデルＸ 5D 4WD,2020,ＣＡＴ,68,5 - すごくきれい,408 ～ 412,nan,2025年03月,ロングレンジ,,7.10,パール,000 AC NV TV AW SR 革,,,,,
テスラ,モデルＹ 2WD,2023,ＡＴ,7,YL1YT,5 - すごくきれい,342 ～ 346,2025年03月,,,8.8,白,000 AC NV TV SR 革,,,,,
テスラ,モデルＹ 2WD,2022,ＣＡＴ,12,YL1YT,5 - すごくきれい,323 ～ 327,2025年03月,,,7.8,黒,000 AC NV TV AW SR 革,,,,,
テスラ,モデルＳ 5D 2WD,2019,ＡＴ,68,5 - すごくきれい,267 ～ 273,nan,2025年03月,１００Ｄ,,8.4,黒,000 AC NV TV AW SR 革,,,,,
テスラ,モデル３ 5D 2WD,2020,ＡＴ,42,3L13,5 - すごくきれい,226 ～ 232,2025年03月,スタンダードレンジプラス,,7.4,パール,000 AC NV TV AW SR 革,,,,,
テスラ,モデル３ 4WD,2020,ＡＴ,23,3L23,5 - すごくきれい,285 ～ 288,2025年02月,,,7.10,白,000 AC NV TV AW SR 革,,,,,
テスラ,モデルＸ 5D 4WD,2017,ＡＴ,59,5 - すごくきれい,351 ～ 355,nan,2025年02月,１００Ｄ,,8.8,黒,000 AC NV TV AW SR 革,,,,,
テスラ,モデル３ 5D 4WD,2021,ＡＴ,36,3L23B,4 - きれい,234 ～ 238,2025年02月,ロングレンジ,,8.9,パール,000 AC NV TV AW SR 革,,,,,
テスラ,モデル３ 5D 2WD,2022,ＡＴ,18,3L13T,5 - すごくきれい,274 ～ 278,2025年02月,ＲＷＤ,,,,000 AC NV TV AW SR 革,,,,,
テスラ,モデルＹ 2WD,2023,ＡＴ,14,YL1YT,5 - すごくきれい,338 ～ 342,2025年02月,,,8.8,黒,000 AC NV TV 革,,,,,
テスラ,モデル３ 5D 4WD,2021,ＡＴ,10,3L23B,5 - すごくきれい,281 ～ 286,2025年02月,ロングレンジ,,9.4,パール,000 AC NV TV AW SR 革,,,,,
テスラ,モデルＹ 2WD,2023,ＡＴ,14,YL1YT,5 - すごくきれい,355 ～ 358,2025年02月,,,8.6,パール,000 AC NV TV AW SR 革,,,,,
テスラ,モデルＹ 2WD,2022,ＡＴ,6,YL1YT,5 - すごくきれい,282 ～ 285,2025年02月,,,8.7,赤,000 AC NV TV AW SR 革,,,,,
テスラ,モデルＹ 2WD,2022,ＡＴ,34,YL1YT,5 - すごくきれい,299 ～ 301,2025年02月,,,7.9,パール,000 AC NV TV AW SR 革,,,,,
テスラ,モデル３ 2WD,2022,ＣＡＴ,95,3L13T,4 - きれい,161 ～ 166,2025年02月,,,,白,000 AC NV TV AW SR 革,,,,,
テスラ,モデル３ 2WD,2022,ＡＴ,37,3L13T,5 - すごくきれい,257 ～ 263,2025年02月,,,7.3,赤,000 AC NV TV AW SR 革,,,,,
テスラ,モデル３ 4WD,2022,ＡＴ,30,3L23T,5 - すごくきれい,300 ～ 303,2025年02月,,,,白,000 AC NV TV AW 革,,,,,
テスラ,モデルＸ 5D 4WD,2017,ＡＴ,75,3 - 普通,227 ～ 233,nan,2025年02月,９０Ｄ,,8.4,黒,000 AC NV TV AW SR 革,,,,,
テスラ,モデル３ 5D 4WD,2021,ＣＡＴ,49,3L23B,3 - 普通,205 ～ 209,2025年02月,ロングレンジ,,8.10,パール,000 AC NV TV AW SR 革,,,,,
テスラ,モデルＹ 5D 4WD,2022,ＡＴ,11,YL3YPT,5 - すごくきれい,399 ～ 404,2025年02月,パフォーマンス,,8.2,青,000 AC NV TV AW SR 革,,,,,
テスラ,モデルＹ 5D 4WD,2023,ＣＡＴ,9,YL3YPT,5 - すごくきれい,421 ～ 424,2025年02月,パフォーマンス,,8.8,黒,000 AC NV TV AW SR 革,,,,,
テスラ,モデル３ 4WD,2022,ＡＴ,20,3L23PT,5 - すごくきれい,328 ～ 333,2025年02月,,,7.10,パール,000 AC NV TV AW SR 革,,,,,
テスラ,モデル３ 2WD,2020,ＡＴ,45,3L13,3 - 普通,146 ～ 149,2025年02月,,,7.7,赤,000 AC,,,,,
テスラ,モデル３ 4WD,2022,ＣＡＴ,27,3L23T,5 - すごくきれい,309 ～ 312,2025年02月,,,7.2,パール,000 AC NV TV AW SR 革,,,,,
テスラ,モデル３ 2WD,2022,ＡＴ,28,3L13T,5 - すごくきれい,288 ～ 292,2025年02月,,,7.5,黒,000 AC NV TV AW SR 革,,,,,
テスラ,モデル３ 4WD,2022,ＡＴ,11,3L23T,5 - すごくきれい,306 ～ 309,2025年02月,,,,グレー,000 AC NV TV AW SR 革,,,,,
テスラ,モデルＹ 5D 4WD,2022,ＡＴ,12,YL3YPT,5 - すごくきれい,436 ～ 442,2025年02月,パフォーマンス,,8.1,黒,000 AC NV TV AW SR 革,,,,,
テスラ,モデル３ 5D 4WD,2019,ＡＴ,96,3L23P,4 - きれい,208 ～ 213,2025年02月,パフォーマンス,,9.2,黒,000 AC NV TV AW SR 革,,,,,
テスラ,モデル３ 5D 2WD,2021,ＣＡＴ,34,3L13,4 - きれい,207 ～ 211,2025年02月,スタンダードレンジプラス,,8.5,紺,000 AC NV TV AW SR 革,,,,,
テスラ,モデル３ 5D 2WD,2021,ＡＴ,29,3L13,5 - すごくきれい,238 ～ 243,2025年02月,スタンダードプラス,,8.2,パール,000 AC NV TV AW SR 革,,,,,
テスラ,モデル３ 4WD,2022,ＣＡＴ,20,3L23T,5 - すごくきれい,315 ～ 318,2025年02月,,,7.5,パール,000 AC NV TV AW SR 革,,,,,
テスラ,モデル３ 4WD,2021,ＡＴ,24,3L23,5 - すごくきれい,266 ～ 269,2025年02月,,,8.4,グレー,000 AC NV TV AW SR 革,,,,,
テスラ,モデル３ 4WD,2022,ＡＴ,44,3L23T,4 - きれい,277 ～ 281,2025年02月,,,,青,000 AC NV TV AW,,,,,
テスラ,モデルＹ 2WD,2022,ＡＴ,6,YL1YT,5 - すごくきれい,315 ～ 320,2025年02月,,,7.10,グレー,000 AC NV TV AW SR 革,,,,,
テスラ,モデルＹ 2WD,2022,ＣＡＴ,31,YL1YT,4 - きれい,289 ～ 292,2025年02月,,,7.9,青,000 AC NV TV AW SR 革,,,,,
テスラ,モデル３ 5D 4WD,2021,ＡＴ,28,3L23B,5 - すごくきれい,289 ～ 292,2025年02月,ロングレンジ,,,黒,000 AC NV TV AW SR 革,,,,,
テスラ,モデル３ 4WD,2021,ＣＡＴ,72,3L23,5 - すごくきれい,198 ～ 203,2025年02月,,,8.6,白,000 AC NV TV AW 革,,,,,
テスラ,モデル３ 5D 2WD,2022,ＣＡＴ,30,3L13T,5 - すごくきれい,259 ～ 263,2025年02月,ＲＷＤ,,7.8,パール,000 AC NV TV AW SR,,,,,
テスラ,モデル３ 5D 2WD,2019,ＡＴ,41,3L13,5 - すごくきれい,173 ～ 179,2025年02月,スタンダードレンジプラス,,8.7,グレー,000 AC NV TV AW,,,,,
テスラ,モデル３ 4WD,2022,ＡＴ,29,3L23T,5 - すごくきれい,316 ～ 320,2025年02月,グレーＭ,,7.4,,000 AC 革,,,,,
テスラ,モデル３ 4WD,2022,ＡＴ,29,3L23T,5 - すごくきれい,316 ～ 320,2025年02月,グレーＭ,,7.4,,000 AC 革,,,,,
テスラ,モデルＹ 2WD,2023,ＡＴ,40,YL1YT,5 - すごくきれい,320 ～ 324,2025年02月,,,8.4,白,000 AC NV TV AW SR 革,,,,,
テスラ,モデルＹ 5D 4WD,2023,ＣＡＴ,10,YL3YPT,5 - すごくきれい,375 ～ 380,2025年02月,パフォーマンス,,7.12,赤,000 AC NV TV AW SR 革,,,,,
テスラ,モデル３ 4WD,2021,ＡＴ,19,3L23,5 - すごくきれい,294 ～ 297,2025年02月,,,8.4,パール,000 AC NV TV AW SR 革,,,,,
テスラ,モデル３ 5D 4WD,2019,ＡＴ,40,3L23P,5 - すごくきれい,229 ～ 231,2025年02月,パフォーマンス,,8.9,黒,000 AC NV TV AW SR 革,,,,,
テスラ,モデルＳ 5D 2WD,2014,ＣＡＴ,148,SL1S2A,3 - 普通,61 ～ 66,2025年02月,Ｐ８５ プラス,,7.10,グレー,000 AC NV TV AW SR 革,,,,,
テスラ,モデル３ 5D 4WD,2019,ＡＴ,42,3L23P,5 - すごくきれい,192 ～ 195,2025年02月,パフォーマンス,,9.3,青,000 AC NV TV AW SR 革,,,,,
テスラ,モデルＸ 5D 4WD,2017,ＡＴ,87,5 - すごくきれい,334 ～ 339,nan,2025年02月,Ｐ１００Ｄ,,8.3,グレー,000 AC NV TV AW SR 革,,,,,
テスラ,モデルＹ 5D 4WD,2023,ＣＡＴ,15,YL3YPT,5 - すごくきれい,435 ～ 437,2025年02月,パフォーマンス,,8.5,パール,000 AC NV TV AW SR 革,,,,,
テスラ,モデル３ 5D 4WD,2021,ＡＴ,47,3L23B,5 - すごくきれい,230 ～ 233,2025年02月,ロングレンジ,,8.9,白,000 AC NV TV AW SR,,,,,
テスラ,モデルＹ 5D 4WD,2023,ＡＴ,10,YL3YPT,5 - すごくきれい,445 ～ 448,2025年02月,パフォーマンス,,8.1,グレー,000 AC NV TV AW SR 革,,,,,
テスラ,モデルＳ 4WD,2018,ＣＡＴ,32,5 - すごくきれい,236 ～ 240,nan,2025年02月,,,8.1,パール,000 AC NV TV AW SR 革,,,,,
テスラ,モデル３ 4WD,2020,ＡＴ,17,3L23,5 - すごくきれい,263 ～ 267,2025年02月,,,7.12,パール,000 AC NV TV AW SR 革,,,,,
テスラ,モデルＹ 2WD,2023,ＣＡＴ,10,YL1YT,5 - すごくきれい,345 ～ 349,2025年02月,,,8.5,パール,000 AC NV TV AW SR 革,,,,,
テスラ,モデルＹ 5D 4WD,2022,ＡＴ,14,YL3YPT,5 - すごくきれい,408 ～ 410,2025年02月,パフォーマンス,,7.8,白,000 AC NV TV AW SR 革,,,,,
テスラ,モデル３ 4WD,2024,ＡＴ,8,3L23T,4 - きれい,423 ～ 428,2025年02月,,,9.10,黒,000 AC NV TV AW 革,,,,,
テスラ,モデルＸ 5D 4WD,2017,ＡＴ,141,4 - きれい,292 ～ 296,nan,2025年02月,Ｐ１００Ｄ,,7.8,黒,000 AC NV TV AW SR 革,,,,,
テスラ,モデルＹ 2WD,2022,ＡＴ,12,YL1YT,5 - すごくきれい,311 ～ 313,2025年02月,,,7.8,黒,000 AC NV TV AW 革,,,,,
テスラ,モデルＹ 2WD,2022,ＣＡＴ,37,YL1YT,5 - すごくきれい,305 ～ 309,2025年02月,,,,白,000 AC NV TV AW 革,,,,,
テスラ,モデル３ 5D 2WD,2021,ＣＡＴ,38,3L13B,5 - すごくきれい,240 ～ 245,2025年02月,スタンダードレンジプラス,,8.11,パール,000 AC NV TV AW SR 革,,,,,
テスラ,モデル３ 5D 4WD,2019,ＡＴ,9,3L23P,5 - すごくきれい,266 ～ 268,2025年02月,パフォーマンス,,8.10,赤,000 AC NV TV AW SR 革,,,,,
テスラ,モデルＹ 2WD,2023,ＡＴ,14,YL1YT,5 - すごくきれい,346 ～ 349,2025年02月,,,8.5,黒,000 AC NV TV 革,,,,,
テスラ,モデルＳ 5D 4WD,2018,ＣＡＴ,70,4 - きれい,232 ～ 235,nan,2025年02月,１００Ｄ,,8.7,グレー,000 AC NV TV AW SR 革,,,,,
テスラ,モデル３ 5D 4WD,2021,ＡＴ,46,3L23,5 - すごくきれい,224 ～ 228,2025年02月,ロングレンジ ＡＷＤ,,8.2,グレー,000 AC NV TV SR 革,,,,,
テスラ,モデル３ 5D 4WD,2021,ＡＴ,23,3L23B,3 - 普通,198 ～ 204,2025年02月,ロングレンジ,,8.6,青,000 AC NV TV AW SR 革,,,,,
テスラ,モデル３ 4WD,2019,ＡＴ,36,3L23,-1 - 修復歴あり,144 ～ 150,2025年02月,,,,グレー,000 AC NV TV AW SR 革,,,,,
テスラ,モデル３ 5D 2WD,2021,ＡＴ,48,3L13,5 - すごくきれい,233 ～ 235,2025年02月,スタンダードレンジプラス,,8.2,パール,000 AC NV TV AW SR,,,,,
テスラ,モデルＹ 5D 2WD,2024,ＣＡＴ,8,YL1YT,5 - すごくきれい,393 ～ 396,2025年02月,ベースグレード,,9.5,黒,000 AC NV TV AW SR 革,,,,,
テスラ,モデル３ 5D 4WD,2021,ＣＡＴ,30,3L23B,5 - すごくきれい,269 ～ 273,2025年02月,,,,パール,000 AC NV TV AW SR 革,,,,,
テスラ,モデルＹ 5D 4WD,2023,ＡＴ,28,YL3YPT,5 - すごくきれい,419 ～ 424,2025年02月,パフォーマンス,,8.3,パール,000 AC NV TV AW SR 革,,,,,
テスラ,モデル３ 5D 4WD,2022,ＣＡＴ,15,3L13T,3 - 普通,165 ～ 169,2025年02月,ベースグレード,,,パール,000 AC NV TV AW SR 革,,,,,
テスラ,モデル３ 4WD,2019,ＣＡＴ,56,3L23P,4 - きれい,207 ～ 212,2025年02月,,,8.9,赤,000 AC,,,,,
テスラ,モデルＹ 2WD,2023,ＣＡＴ,6,YL1YT,5 - すごくきれい,338 ～ 342,2025年02月,,,8.5,グレー,000 AC AW SR 革,,,,,
テスラ,モデルＹ 5D 4WD,2022,ＣＡＴ,42,YL3YPT,5 - すごくきれい,368 ～ 371,2025年02月,パフォーマンス,,7.9,パール,000 AC NV TV AW SR 革,,,,,
テスラ,モデル３ 5D 4WD,2021,ＡＴ,1,3L23B,5 - すごくきれい,291 ～ 295,2025年02月,ロングレンジ,,,紺,000 AC NV TV AW SR 革,,,,,
テスラ,モデル３ 4WD,2020,ＡＴ,21,3L23,5 - すごくきれい,272 ～ 274,2025年02月,,,7.12,白,000 AC NV TV AW 革,,,,,
テスラ,モデルＸ 5D 4WD,2017,ＡＴ,70,4 - きれい,276 ～ 280,nan,2025年02月,７５Ｄ,,8.11,パール,000 AC NV TV AW SR 革,,,,,
テスラ,モデルＳ 5D 4WD,2016,ＡＴ,91,SWL2S2A,4 - きれい,152 ～ 156,2025年02月,Ｐ９０Ｄ,,,白,000 AC NV TV AW SR 革,,,,,
テスラ,モデル３ 4WD,2023,ＡＴ,25,3L23PT,4 - きれい,324 ～ 328,2025年02月,,,8.3,パール,000 AC NV TV AW 革,,,,,
テスラ,モデルＹ 2WD,2022,ＡＴ,5,YL1YT,5 - すごくきれい,318 ～ 322,2025年02月,,,7.8,白,000 AC NV TV AW SR 革,,,,,
テスラ,モデル３ 4WD,2022,ＡＴ,16,3L23T,5 - すごくきれい,303 ～ 306,2025年02月,グレーＭ,,7.9,,000 AC NV TV AW SR 革,,,,,
テスラ,モデル３ 4WD,2021,ＡＴ,47,3L23,5 - すごくきれい,244 ～ 247,2025年02月,,,8.7,パール,000 AC NV TV SR 革,,,,,
テスラ,モデルＹ 2WD,2023,ＡＴ,18,YL1YT,4 - きれい,305 ～ 310,2025年02月,,,8.5,パール,000 AC NV TV AW SR 革,,,,,
テスラ,モデル３ 5D 2WD,2021,ＡＴ,16,3L13B,5 - すごくきれい,240 ～ 243,2025年02月,スタンダードレンジプラス,,8.9,白,000 AC NV TV AW SR 革,,,,,
テスラ,モデルＹ 4WD,2023,ＣＡＴ,13,YL3YT,5 - すごくきれい,402 ～ 406,2025年02月,,,8.6,パール,000 AC NV TV AW SR 革,,,,,
テスラ,モデルＳ 5D 2WD,2014,ＡＴ,82,SL1S2A,4 - きれい,130 ～ 134,2025年02月,Ｐ８５ プラス,,7.8,黒,000 AC NV TV AW SR 革,,,,,
テスラ,モデル３ 5D 2WD,2020,ＡＴ,67,3L13,4 - きれい,176 ～ 180,2025年02月,スタンダードレンジプラス,,,黒,000 AC NV TV AW,,,,,
テスラ,モデル３ 5D 4WD,2020,ＡＴ,51,3L23P,3 - 普通,191 ～ 193,2025年02月,パフォーマンス,,,グレー,000 AC NV TV AW,,,,,
テスラ,モデルＹ 2WD,2022,ＡＴ,23,YL1YT,5 - すごくきれい,299 ～ 301,2025年02月,,,7.11,青,000 AC NV TV AW 革,,,,,
テスラ,モデルＳ 5D 4WD,2015,ＡＴ,70,SL2S2A,5 - すごくきれい,209 ～ 215,2025年02月,Ｐ８５Ｄ,,,赤,000 AC NV TV AW SR 革,,,,,
テスラ,モデル３ 5D 2WD,2020,ＡＴ,36,3L13,5 - すごくきれい,203 ～ 208,2025年02月,スタンダードレンジプラス,,,パール,000 AC NV TV AW 革,,,,,
テスラ,モデル３ 5D 4WD,2021,ＡＴ,67,3L23B,5 - すごくきれい,188 ～ 193,2025年02月,ロングレンジ,,,パール,000 AC NV TV AW 革,,,,,
テスラ,モデルＸ 5D 4WD,2017,ＡＴ,51,5 - すごくきれい,299 ～ 303,nan,2025年02月,７５Ｄ,,6.11,パール,000 AC NV TV AW SR 革,,,,,
テスラ,モデルＸ 5D 4WD,2020,ＡＴ,17,5 - すごくきれい,483 ～ 487,nan,2025年02月,１００Ｄ,,7.12,黒,000 AC NV TV AW SR 革,,,,,
テスラ,モデル３ 5D 2WD,2020,ＡＴ,70,3L13,4 - きれい,159 ～ 161,2025年02月,スタンダードレンジプラス,,,パール,000 AC NV TV AW 革,,,,,
テスラ,モデル３ 4WD,2020,ＡＴ,67,3L23,5 - すごくきれい,169 ～ 172,2025年02月,,,,パール,000 AC NV TV AW 革,,,,,
テスラ,モデルＸ 4WD,2017,ＡＴ,22,5 - すごくきれい,467 ～ 471,nan,2025年02月,,,8.5,パール,000 AC NV TV AW SR 革,,,,,
テスラ,モデル３ 2WD,2022,ＡＴ,36,3L13T,5 - すごくきれい,264 ～ 266,2025年01月,,,,パール,000 AC NV TV AW SR 革,,,,,
テスラ,モデルＸ 5D 4WD,2017,ＡＴ,89,4 - きれい,360 ～ 363,nan,2025年01月,Ｐ１００Ｄ,,7.8,,000 AC NV TV AW SR 革,,,,,
テスラ,モデル３ 5D 4WD,2021,ＡＴ,59,3L23B,5 - すごくきれい,213 ～ 216,2025年01月,ロングレンジ,,8.7,白,000 AC NV TV AW SR 革,,,,,
テスラ,モデル３ 5D 2WD,2022,ＡＴ,16,3L13T,5 - すごくきれい,260 ～ 265,2025年01月,ＲＷＤ,,,黒,000 AC NV TV AW SR 革,,,,,
テスラ,モデルＳ 5D 2WD,2020,ＡＴ,19,5 - すごくきれい,420 ～ 424,nan,2025年01月,Ｐ１００Ｄ,,7.7,赤,000 AC NV TV AW SR 革,,,,,
テスラ,モデル３ 2WD,2021,ＡＴ,37,3L13,5 - すごくきれい,216 ～ 219,2025年01月,,,8.1,パール,000 AC NV TV AW SR 革,,,,,
テスラ,モデル３ 5D 2WD,2020,ＣＡＴ,17,3L13,5 - すごくきれい,209 ～ 212,2025年01月,スタンダードレンジプラス,,7.7,白,000 AC NV TV AW SR 革,,,,,
テスラ,モデル３ 5D 2WD,2020,ＣＡＴ,55,3L13,5 - すごくきれい,188 ～ 192,2025年01月,スタンダードプラス,,7.11,パール,000 AC NV TV AW SR 革,,,,,
テスラ,モデルＳ 5D 2WD,2017,ＣＡＴ,46,3 - 普通,180 ～ 185,nan,2025年01月,75,,8.5,白,000 AC NV TV AW SR 革,,,,,
テスラ,モデル３ 5D 2WD,2020,ＡＴ,35,3L13,5 - すごくきれい,183 ～ 186,2025年01月,スタンダードレンジプラス,,8.2,青,000 AC NV TV AW SR 革,,,,,
テスラ,モデル３ 5D 4WD,2021,ＡＴ,28,3L23,5 - すごくきれい,282 ～ 288,2025年01月,ロングレンジ ＡＷＤ,,8.2,パール,000 AC NV TV AW SR 革,,,,,
テスラ,モデルＸ 4WD,2021,ＡＴ,64,5 - すごくきれい,545 ～ 548,nan,2025年01月,,,8.8,黒,000 AC NV TV AW SR 革,,,,,
テスラ,モデルＳ 5D 2WD,2014,ＡＴ,92,SL1S2A,4 - きれい,108 ～ 113,2025年01月,Ｐ８５,,7.12,白,000 AC NV TV AW SR 革,,,,,
テスラ,モデル３ 2WD,2022,ＡＴ,8,3L13T,5 - すごくきれい,273 ～ 277,2025年01月,ガンＭ,,7.7,,000 AC NV TV AW SR 革,,,,,
テスラ,モデル３ 2WD,2021,ＡＴ,35,3L13,5 - すごくきれい,215 ～ 219,2025年01月,,,8.5,パール,000 AC NV TV AW SR 革,,,,,
テスラ,モデル３ 4WD,2023,ＡＴ,29,3L23PT,5 - すごくきれい,328 ～ 334,2025年01月,,,8.1,パール,000 AC NV TV AW SR 革,,,,,
テスラ,モデル３ 4WD,2022,ＣＡＴ,27,3L23T,5 - すごくきれい,280 ～ 285,2025年01月,,,7.8,白,000 AC NV TV AW SR 革,,,,,
テスラ,モデル３ 4WD,2022,ＣＡＴ,26,3L23T,5 - すごくきれい,281 ～ 284,2025年01月,,,7.12,白,000 AC NV TV AW SR 革,,,,,
テスラ,モデル３ 4WD,2021,ＡＴ,80,3L23,5 - すごくきれい,170 ～ 173,2025年01月,,,,パール,000 AC NV TV AW,,,,,
テスラ,モデル３ 4WD,2019,ＡＴ,22,3L23,4 - きれい,189 ～ 193,2025年01月,,,,赤,000 AC NV TV AW SR,,,,,
テスラ,モデル３ 4WD,2021,ＡＴ,82,3L23,5 - すごくきれい,168 ～ 174,2025年01月,,,,パール,000 AC NV TV AW,,,,,
テスラ,モデル３ 4WD,2019,ＡＴ,23,3L23,4 - きれい,190 ～ 193,2025年01月,,,,赤,000 AC NV TV AW,,,,,
テスラ,モデル３ 5D 2WD,2020,ＡＴ,66,3L13,5 - すごくきれい,168 ～ 171,2025年01月,スタンダードレンジプラス,,,パール,000 AC NV TV AW,,,,,
テスラ,モデルＳ 4WD,2020,ＡＴ,37,5 - すごくきれい,358 ～ 363,nan,2025年01月,,,7.11,パール,000 AC NV TV AW SR 革,,,,,
テスラ,モデル３ 5D 4WD,2020,ＡＴ,47,3L23P,5 - すごくきれい,226 ～ 229,2025年01月,パフォーマンス,,,シルバー,000 AC NV TV AW,,,,,
テスラ,モデルＹ 2WD,2022,ＡＴ,64,YL1YT,5 - すごくきれい,249 ～ 252,2025年01月,,,,パール,000 AC NV TV AW,,,,,
テスラ,モデル３ 5D 2WD,2021,ＡＴ,21,3L13,5 - すごくきれい,232 ～ 236,2025年01月,スタンダードレンジプラス,,,黒,000 AC NV TV AW,,,,,
テスラ,モデル３ 5D 2WD,2020,ＡＴ,47,3L13,5 - すごくきれい,187 ～ 191,2025年01月,スタンダードレンジプラス,,,パール,000 AC NV TV AW,,,,,
テスラ,モデルＳ 4WD,2020,ＡＴ,42,5 - すごくきれい,357 ～ 361,nan,2025年01月,,,7.11,パール,000 AC NV TV AW SR 革,,,,,
テスラ,モデルＳ 4WD,2020,ＡＴ,41,5 - すごくきれい,358 ～ 362,nan,2025年01月,,,7.10,パール,000 AC NV TV AW SR 革,,,,,
テスラ,モデル３ 5D 2WD,2021,ＡＴ,65,3L13,5 - すごくきれい,161 ～ 165,2025年01月,スタンダードレンジプラス,,,グレー,000 AC NV TV AW,,,,,
テスラ,モデルＹ 2WD,2022,ＡＴ,64,YL1YT,5 - すごくきれい,249 ～ 254,2025年01月,,,,パール,000 AC NV TV AW SR 革,,,,,
テスラ,モデルＳ 5D 2WD,2015,ＣＡＴ,338,SL1SA,3 - 普通,38 ～ 43,2025年01月,85,,,シルバー,000 AC NV TV AW SR 革,,,,,
テスラ,モデル３ 2WD,2022,ＣＡＴ,41,3L23T,5 - すごくきれい,249 ～ 253,2025年01月,,,7.2,青,000 AC 革,,,,,
テスラ,モデル３ 5D 2WD,2020,ＡＴ,59,3L13,5 - すごくきれい,164 ～ 166,2025年01月,スタンダードレンジプラス,,,グレー,000 AC NV TV AW 革,,,,,
テスラ,モデル３ 5D 4WD,2021,ＡＴ,81,3L23P,4 - きれい,210 ～ 214,2025年01月,パフォーマンス,,8.12,ゴールド,000 AC NV TV AW SR 革,,,,,
テスラ,モデルＳ 5D 2WD,2017,ＡＴ,37,5 - すごくきれい,237 ～ 240,nan,2025年01月,７５Ｄ,,8.2,パール,000 AC NV TV AW SR 革,,,,,
テスラ,モデル３ 5D 4WD,2021,ＡＴ,5,3L23B,5 - すごくきれい,272 ～ 276,2025年01月,ロングレンジ,,,パール,000 AC NV TV AW SR 革,,,,,
テスラ,モデルＹ 5D 4WD,2023,ＣＡＴ,26,YL3YPT,5 - すごくきれい,419 ～ 422,2025年01月,パフォーマンス,,8.1,パール,000 AC NV TV AW SR 革,,,,,
テスラ,モデル３ 4WD,2022,ＡＴ,50,3L23T,5 - すごくきれい,265 ～ 267,2025年01月,,,7.4,パール,000 AC NV TV AW SR 革,,,,,
テスラ,モデルＹ 5D 2WD,2022,ＣＡＴ,14,YL1YT,5 - すごくきれい,323 ～ 329,2025年01月,ベースグレード,,8.1,パール,000 AC NV TV AW SR 革,,,,,
テスラ,モデル３ 2WD,2023,ＡＴ,38,3L13T,5 - すごくきれい,214 ～ 217,2025年01月,,,8.12,パール,000 AC NV TV AW SR 革,,,,,
テスラ,モデルＸ 4WD,2017,ＡＴ,84,5 - すごくきれい,334 ～ 339,nan,2025年01月,,,8.10,白,000 AC NV TV AW SR 革,,,,,