メーカー,車種,年式,シフト,走行,型式,評価,価格,更新年月,グレード,排気量,車検,色,装備
メーカー,車種,年式,シフト,走行,型式,評価,価格(万円),更新年月 ▲,グレード,排気量,車検,色,装備
フィアット,５００ 3D 2WD,2008,ＡＴ,49,31214,5 - すごくきれい,10 ～ 16,2025年09月,１．４ １６Ｖ ラウンジ ＳＳ,1400,,白,AC NV TV AW SR 革
フィアット,パンダ 5D 4WD,2014,６ＭＴ,79,13909,4 - きれい,12 ～ 18,2025年09月,４×４,,,赤,900 AC NV TV AW 革
フィアット,５００ 3D 2WD,2013,ＡＴ,82,31209,4 - きれい,22 ～ 26,2025年09月,ツインエア ラウンジ,,,白,900 AC NV TV AW SR 革
フィアット,５００ 3D 2WD,2010,ＡＴ,63,31212,-1 - 修復歴あり,6 ～ 11,2025年09月,１．２ ラウンジ,1200,,,AC SR
フィアット,５００Ｃ 3D 2WD,2023,ＡＴ,19,31209,5 - すごくきれい,212 ～ 215,2025年09月,ツインエア ドルチェヴィータ,,8.4,グレー,900 AC NV TV AW SR 革
フィアット,パンダ 5D 4WD,2015,６ＭＴ,101,13909,4 - きれい,15 ～ 17,2025年09月,４×４,,8.5,赤,900 AC NV TV AW SR 革
フィアット,５００ 3D 2WD,2012,５ＭＴ,139,31209,4 - きれい,11 ～ 14,2025年09月,ツインエア スポーツプラス,,,,900 AC AW
フィアット,５００Ｘ 5D 2WD,2016,ＡＴ,50,33414,3 - 普通,32 ～ 37,2025年09月,ポップスター,1400,,赤,AC NV TV AW SR 革
フィアット,５００ 3D 2WD,2010,ＡＴ,98,31212,3 - 普通,6 ～ 12,2025年09月,１．２ ８Ｖ ラウンジ,1200,9.3,白,AC SR
フィアット,５００ 3D 2WD,2018,ＡＴ,55,31209,5 - すごくきれい,69 ～ 75,2025年09月,ツインエア ラウンジ,,8.11,白,900 AC AW SR
フィアット,５００ 3D 2WD,2015,ＡＴ,40,31212,4 - きれい,30 ～ 34,2025年09月,スーパーポップ アウグーリ！,1200,,白,AC NV TV
フィアット,５００ 3D 2WD,2024,ＡＴ,7,31212,3 - 普通,128 ～ 133,2025年09月,１．２ カルト,1200,9.2,赤,AC AW
フィアット,５００ 2WD,2010,ＡＴ,72,31212,4 - きれい,6 ～ 11,2025年09月,ライトブルー,1200,,,AC
フィアット,５００ 2WD,2018,ＡＴ,59,31212,5 - すごくきれい,51 ～ 55,2025年09月,,1200,7.9,白,AC
フィアット,５００Ｘ 5D 4WD,2018,ＡＴ,63,33414,4 - きれい,89 ～ 95,2025年09月,エクストリーム,1400,8.1,黒,AC NV TV AW SR 革
フィアット,５００ 3D 2WD,2018,ＡＴ,55,31209,4 - きれい,50 ～ 54,2025年09月,ツインエア ラウンジ,,8.12,赤,900 AC AW SR
フィアット,５００Ｘ 5D 2WD,2022,ＡＴ,5,33413PM,5 - すごくきれい,176 ～ 180,2025年09月,インフィニート,1300,,白,AC NV TV AW 革
フィアット,パンダ 2WD,2001,５ＭＴ,117,2 - 修復必要,12 ～ 17,nan,2025年09月,,1100,8.3,青,AC
フィアット,５００Ｃ 2WD,2016,ＡＴ,59,31212,4 - きれい,21 ～ 26,2025年09月,,1200,,白,AC AW
フィアット,５００ 2WD,2015,ＡＴ,20,31212,4 - きれい,30 ～ 35,2025年09月,,1200,8.9,白,AC
フィアット,５００ 3D 2WD,2018,ＡＴ,48,31212,4 - きれい,53 ～ 55,2025年09月,スーパーポップ １０ｔｈアニバーサリー,1200,,,AC
フィアット,５００ 2WD,2017,ＡＴ,71,31209,-1 - 修復歴あり,26 ～ 30,2025年09月,,,9.9,白,900 AC SR 革
フィアット,５００ 3D 2WD,2017,ＡＴ,37,31209,5 - すごくきれい,65 ～ 68,2025年09月,ツインエア ラウンジ,,,白,900 AC NV TV AW SR
フィアット,５００ 3D 2WD,2017,ＡＴ,103,31209,4 - きれい,19 ～ 21,2025年09月,ツインエア ポップ,,8.12,黄,900 AC
フィアット,パンダ 5D 2WD,2019,ＡＴ,39,13909,4 - きれい,21 ～ 25,2025年09月,イージー,,8.1,白,900 AC NV TV AW SR 革
フィアット,５００ 3D 2WD,2014,ＡＴ,94,31212,4 - きれい,13 ～ 17,2025年09月,１．２ ポップ,1200,8.4,白,AC AW
フィアット,５００ 3D 2WD,2013,ＡＴ,93,-1 - 修復歴あり,13 ～ 16,nan,2025年09月,バイ グッチ,1200,8.10,パール,AC AW SR 革
フィアット,５００ 3D 2WD,2019,ＡＴ,21,31212,5 - すごくきれい,88 ～ 93,2025年09月,スーパーポップ チェントヴェンティ,1200,,白,AC
フィアット,５００Ｘ 5D 2WD,2020,ＡＴ,56,33413,5 - すごくきれい,76 ～ 81,2025年09月,クロス,1300,,白,AC AW SR 革
フィアット,５００Ｘ 5D 2WD,2019,ＡＴ,83,33413,5 - すごくきれい,65 ～ 70,2025年09月,クロス,1300,8.7,ベージュ,AC NV TV AW SR 革
フィアット,５００Ｘ 5D 2WD,2016,ＡＴ,170,33414,3 - 普通,12 ～ 16,2025年09月,ポップスター プラス,1400,,白,AC AW SR 革
フィアット,５００ 3D 2WD,2009,ＡＴ,39,31214,4 - きれい,17 ～ 23,2025年09月,バイ ディーゼル,1400,,緑,AC SR
フィアット,５００ 3D 2WD,2012,ＡＴ,23,31209,3 - 普通,19 ～ 21,2025年09月,ツインエア ポップ,,8.1,,900 AC
フィアット,５００Ｘ 4WD,2018,ＡＴ,105,33414,4 - きれい,28 ～ 33,2025年09月,,1400,,グレー,AC NV TV AW
フィアット,バルケッタ オープン 2WD,2001,５ＭＴ,33,183A1,4 - きれい,43 ～ 49,2025年09月,ジョーヴァネ ドゥーエ,1800,,青,AC NV TV AW SR 革
フィアット,パンダ 5D 4WD,2014,６ＭＴ,111,13909,4 - きれい,15 ～ 19,2025年09月,４×４,,8.1,赤,900 AC AW
フィアット,５００ 3D 2WD,2016,ＡＴ,45,31209,3 - 普通,56 ～ 61,2025年09月,ツインエア ラウンジ,,,白,900 AC AW SR
フィアット,５００ 3D 2WD,2013,ＡＴ,118,31209,4 - きれい,1 ～ 5,2025年09月,ツインエア ポップ,,9.1,,900 AC
フィアット,パンダ 5D 2WD,2015,ＡＴ,76,13909,4 - きれい,6 ～ 11,2025年09月,イージー,,,ベージュ,900 AC AW
フィアット,５００Ｘ 5D 2WD,2016,ＡＴ,84,33414,4 - きれい,23 ～ 28,2025年09月,ポップスター,1400,,ベージュ,AC NV TV AW SR 革
フィアット,５００ 3D 2WD,2021,ＡＴ,39,31209,5 - すごくきれい,157 ～ 159,2025年09月,ツインエア ラウンジ,,8.1,緑,900 AC AW SR
フィアット,パンダ 5D 2WD,2013,ＡＴ,46,13909,4 - きれい,7 ～ 11,2025年09月,イージー,,8.11,青,900 AC
フィアット,５００ 3D 2WD,2020,ＡＴ,29,31209,5 - すごくきれい,150 ～ 152,2025年09月,ツインエア ラウンジ,,,パール,900 AC SR
フィアット,５００ 3D 2WD,2015,ＡＴ,53,31209,3 - 普通,13 ～ 19,2025年09月,ツインエア ポップ,,,白,900 AC
フィアット,５００ 2WD,2021,ＡＴ,33,31212,5 - すごくきれい,147 ～ 152,2025年09月,,1200,8.9,緑,AC 革
フィアット,５００ 3D 2WD,2020,ＡＴ,20,31212,5 - すごくきれい,136 ～ 141,2025年09月,１．２ ポップ,1200,,白,AC
フィアット,５００ 3D 2WD,2020,ＡＴ,31,31212,5 - すごくきれい,125 ～ 129,2025年09月,１．２ ポップ,1200,,赤,AC
フィアット,５００ 3D 2WD,2022,ＡＴ,4,31209,5 - すごくきれい,204 ～ 208,2025年09月,ツインエア カルト,,,白,900 AC
フィアット,５００Ｘ 5D 2WD,2016,ＡＴ,97,33414,4 - きれい,21 ～ 26,2025年09月,ポップスター プラス,1400,,ベージュ,AC NV TV AW SR 革
フィアット,５００ 2WD,2009,ＡＴ,72,31214,4 - きれい,3 ～ 9,2025年09月,,1400,8.2,白,AC AW
フィアット,５００ 3D 2WD,2016,ＡＴ,46,31209,5 - すごくきれい,78 ～ 82,2025年09月,ツインエア ポップ,,9.5,白,900 AC NV TV
フィアット,５００ 3D 2WD,2019,ＡＴ,59,31209,5 - すごくきれい,65 ～ 68,2025年09月,ツインエア ラウンジ,,8.1,白,900 AC AW
フィアット,５００ 3D 2WD,2012,ＡＴ,32,31209,5 - すごくきれい,11 ～ 16,2025年09月,ツインエア ポップ,,,白,900 AC
フィアット,５００Ｘ 5D 2WD,2017,ＡＴ,42,33414,4 - きれい,35 ～ 39,2025年09月,ポップスター プラス,1400,8.10,赤,AC AW SR 革
フィアット,５００ｅ 3D 2WD,2023,ＡＴ,8,FA1,5 - すごくきれい,209 ～ 212,2025年09月,オープン,,8.6,青,000 AC NV TV AW SR 革
フィアット,デュカト 2WD,2019,ＡＴ,121,4 - きれい,399 ～ 403,nan,2025年09月,,2200,,白,AC NV TV AW SR 革
フィアット,５００Ｘ 5D 2WD,2022,ＡＴ,13,33413PM,5 - すごくきれい,173 ～ 175,2025年09月,コンフォート,1300,,緑,AC AW SR 革
フィアット,５００Ｃ 3D 2WD,2021,ＡＴ,16,31212,5 - すごくきれい,189 ～ 193,2025年09月,１．２ カルト,1200,,グレー,AC AW SR
フィアット,５００ 3D 2WD,2013,ＡＴ,97,31209,4 - きれい,25 ～ 30,2025年09月,ツインエア ラウンジ,,8.6,黄,900 AC AW SR
フィアット,５００Ｘ 5D 2WD,2019,ＡＴ,85,33413,4 - きれい,52 ～ 55,2025年09月,クロス,1300,8.8,ベージュ,AC NV TV AW 革
フィアット,５００ 3D 2WD,2016,ＡＴ,51,31209,5 - すごくきれい,54 ～ 60,2025年09月,ツインエア ポップ,,,黄,900 AC NV TV AW
フィアット,５００ 3D 2WD,2020,ＡＴ,36,31212,5 - すごくきれい,104 ～ 109,2025年09月,１．２ ポップ,1200,,白,AC
フィアット,５００ 3D 2WD,2012,５ＭＴ,106,31209,4 - きれい,10 ～ 13,2025年09月,ツインエア スポーツ,,,,900 AC AW
フィアット,５００Ｘ 5D 2WD,2015,ＡＴ,92,33414,3 - 普通,21 ～ 25,2025年09月,ポップスター,1400,9.4,白,AC NV TV AW SR 革
フィアット,パンダ 5D 2WD,2014,ＡＴ,80,13909,4 - きれい,8 ～ 12,2025年09月,イージー,,,青,900
フィアット,５００ 3D 2WD,2016,ＡＴ,35,31212,5 - すごくきれい,41 ～ 46,2025年09月,１．２ ポップ,1200,,白,AC NV TV
フィアット,５００ 3D 2WD,2016,ＡＴ,23,31212,5 - すごくきれい,37 ～ 41,2025年09月,１．２ ポップ,1200,8.1,白,AC
フィアット,５００ 3D 2WD,2021,ＡＴ,39,31212,5 - すごくきれい,150 ～ 153,2025年09月,１．２ ポップ,1200,8.9,緑,AC
フィアット,５００ 3D 2WD,2020,ＡＴ,56,31209,3 - 普通,22 ～ 28,2025年09月,ツインエア ラウンジ,,,白,900 AC AW SR
フィアット,５００ 3D 2WD,2018,ＡＴ,31,31212,4 - きれい,74 ～ 79,2025年09月,１．２ ポップ,1200,,白,AC
フィアット,５００Ｃ 3D 2WD,2023,ＡＴ,4,31209,5 - すごくきれい,235 ～ 241,2025年09月,ツインエア ドルチェヴィータ,,8.7,グレー,900 AC NV TV AW SR 革
フィアット,５００Ｃ 3D 2WD,2019,ＡＴ,2,31212,5 - すごくきれい,191 ～ 194,2025年09月,１．２ ポップ,1200,9.1,白,AC NV TV AW
フィアット,５００ 3D 2WD,2011,ＡＴ,78,31212,5 - すごくきれい,9 ～ 14,2025年09月,１．２ ポップ,1200,8.10,白,AC AW
フィアット,５００Ｘ 5D 2WD,2016,ＡＴ,108,33414,4 - きれい,24 ～ 28,2025年09月,ポップスター プラス,1400,,赤,AC AW 革
フィアット,５００Ｘ 5D 2WD,2016,ＡＴ,63,33414,5 - すごくきれい,44 ～ 46,2025年09月,ポップスター,1400,9.9,ベージュ,AC AW
フィアット,５００ 3D 2WD,2011,ＡＴ,54,31209,4 - きれい,17 ～ 21,2025年09月,ツインエア ラウンジ,,8.3,,900 AC NV TV AW SR 革
フィアット,５００ 3D 2WD,2019,ＡＴ,30,31209,5 - すごくきれい,162 ～ 164,2025年09月,ユニセックス,,8.1,グレー,900 AC AW SR 革
フィアット,５００Ｘ 5D 2WD,2020,ＡＴ,46,33413PM,4 - きれい,129 ～ 132,2025年09月,クロス,1300,7.11,白,AC AW 革
フィアット,５００ 3D 2WD,2017,ＡＴ,40,31212,5 - すごくきれい,39 ～ 43,2025年09月,クロマータ,1200,8.11,白,AC
フィアット,５００ 3D 2WD,2017,ＡＴ,25,31212,5 - すごくきれい,68 ～ 71,2025年09月,ナビゲーションパッケージ,1200,8.5,白,AC NV TV
フィアット,パンダ 5D 4WD,2023,６ＭＴ,12,13909,5 - すごくきれい,278 ～ 283,2025年09月,クロス ４×４,,8.9,緑,900 AC AW
フィアット,パンダ 5D 4WD,2021,６ＭＴ,16,13909,5 - すごくきれい,247 ～ 250,2025年09月,クロス ４×４,,,グレー,900 AC NV TV AW
フィアット,５００ 2WD,2009,５ＭＴ,68,4 - きれい,38 ～ 41,nan,2025年09月,,1400,7.12,パール,AC AW SR 革
フィアット,５００ 3D 2WD,2021,ＡＴ,8,31212,5 - すごくきれい,180 ～ 185,2025年09月,１．２ カルト,1200,8.10,赤,AC NV TV
フィアット,５００ 3D 2WD,2020,ＡＴ,37,31212,5 - すごくきれい,78 ～ 83,2025年09月,スーパーポップ ジャポーネ,1200,,赤,AC 革
フィアット,５００Ｃ 3D 2WD,2020,ＡＴ,39,31212,5 - すごくきれい,155 ～ 159,2025年09月,１２０ｔｈタキシード,1200,,,AC NV TV AW SR 革
フィアット,５００ 2WD,2010,ＡＴ,76,31214,4 - きれい,12 ～ 16,2025年09月,,1400,,黒,AC AW SR
フィアット,５００Ｘ 5D 2WD,2015,ＡＴ,75,33414,4 - きれい,41 ～ 45,2025年09月,ポップスター プラス,1400,8.9,緑,AC AW 革
フィアット,５００ 3D 2WD,2019,ＡＴ,32,31212,3 - 普通,93 ～ 95,2025年09月,アニベルサリオ,1200,8.1,オレンジ,AC AW SR
フィアット,５００ 3D 2WD,2020,ＡＴ,35,31209,5 - すごくきれい,196 ～ 200,2025年09月,ツインエア ポップ,,7.11,緑,900 AC AW SR 革
フィアット,５００ 3D 2WD,2021,ＡＴ,7,31212,3 - 普通,155 ～ 158,2025年09月,１．２ ポップ,1200,8.9,,AC AW SR 革
フィアット,５００ 3D 2WD,2014,ＡＴ,40,31209,3 - 普通,13 ～ 16,2025年09月,ツインエア ポップ,,,赤,900 AC AW SR 革
フィアット,５００ 3D 2WD,2020,ＡＴ,35,31212,5 - すごくきれい,127 ～ 132,2025年09月,１．２ ポップ,1200,8.12,緑,AC
フィアット,５００ 3D 2WD,2018,ＡＴ,46,31212,5 - すごくきれい,145 ～ 149,2025年09月,プーラ,1200,9.2,ベージュ,AC NV TV AW SR
フィアット,５００ 3D 2WD,2017,ＡＴ,47,31212,4 - きれい,47 ～ 51,2025年09月,１．２ ポップ,1200,8.8,白,AC NV TV
フィアット,パンダ 5D 4WD,2020,６ＭＴ,48,13909,5 - すごくきれい,164 ～ 167,2025年09月,クロス ４×４,,,黄,900 AC AW
フィアット,５００ 3D 2WD,2023,ＡＴ,8,31212,5 - すごくきれい,214 ～ 216,2025年09月,１．２ カルト,1200,8.10,グレー,AC AW
フィアット,５００ 3D 2WD,2011,ＡＴ,84,31209,4 - きれい,7 ～ 11,2025年09月,ツインエア ラウンジ,,,,900 AC AW SR
フィアット,５００ 3D 2WD,2024,ＡＴ,6,31212,5 - すごくきれい,215 ～ 220,2025年09月,１．２ カルト,1200,8.5,白,AC NV TV AW SR 革
フィアット,５００ 3D 2WD,2021,ＡＴ,11,31212,5 - すごくきれい,170 ～ 173,2025年09月,１．２ ポップ,1200,8.1,白,AC
フィアット,５００ 3D 2WD,2017,ＡＴ,13,31212,5 - すごくきれい,152 ～ 156,2025年09月,マーレブル,1200,,紺,AC NV TV AW SR 革
フィアット,５００Ｃ 3D 2WD,2012,ＡＴ,93,31212,3 - 普通,9 ～ 13,2025年09月,１．２ ポップ,1200,7.10,赤,AC AW SR 革
フィアット,５００ 3D 2WD,2011,ＡＴ,61,31212,4 - きれい,9 ～ 12,2025年09月,１．２ ポップ,1200,,黒,AC AW SR
フィアット,５００ 3D 2WD,2013,ＡＴ,4,31212,4 - きれい,28 ～ 31,2025年09月,１．２ ポップ,1200,9.1,赤,AC AW
フィアット,５００ 3D 2WD,2017,ＡＴ,6,31212,5 - すごくきれい,75 ～ 78,2025年09月,１．２ ポップ,1200,9.4,赤,AC NV TV SR 革
フィアット,パンダ 2WD,1999,ＡＴ,118,141AKA,3 - 普通,14 ～ 18,2025年09月,,1100,9.7,青,
フィアット,パンダ 5D 2WD,2014,ＡＴ,42,13909,4 - きれい,1 ～ 3,2025年09月,イージー,,,赤,900 AC AW
フィアット,５００Ｘ 5D 4WD,2016,ＡＴ,43,33414,4 - きれい,65 ～ 69,2025年09月,クロス プラス,1400,9.4,赤,AC NV TV AW 革
フィアット,５００ 3D 2WD,2010,ＡＴ,1001,31212,3 - 普通,5 ～ 7,2025年09月,１．２ ポップ,1200,,白,AC
フィアット,５００Ｘ 5D 2WD,2024,ＡＴ,3,33413PM,5 - すごくきれい,216 ～ 221,2025年09月,クラブ,1300,9.7,赤,AC AW
フィアット,５００Ｃ 3D 2WD,2023,ＡＴ,20,31209,5 - すごくきれい,210 ～ 213,2025年09月,ツインエア ドルチェヴィータ,,8.3,赤,900 AC NV TV AW SR
フィアット,５００Ｘ 5D 2WD,2017,ＡＴ,84,33414,3 - 普通,37 ～ 41,2025年09月,ポップスター プラス,1400,8.9,白,AC NV TV AW 革
フィアット,５００ｅ 3D 2WD,2023,ＡＴ,2,FA1,5 - すごくきれい,210 ～ 213,2025年09月,アイコン,,7.12,青,000 AC NV TV AW 革
フィアット,５００ 3D 2WD,2018,ＡＴ,52,31212,5 - すごくきれい,59 ～ 62,2025年09月,トロピカーレ,1200,,赤,AC NV TV AW SR
フィアット,パンダ 2WD,2018,６ＭＴ,25,13909,4 - きれい,115 ～ 119,2025年09月,,,,赤,900 AC
フィアット,５００ 3D 2WD,2008,ＡＴ,45,31214,3 - 普通,19 ～ 22,2025年09月,１．４ １６Ｖ スポーツ,1400,8.12,茶,AC 革
フィアット,５００ 3D 2WD,2015,ＡＴ,37,31212,-1 - 修復歴あり,27 ～ 32,2025年09月,ジャッラ,1200,,黄,AC AW
フィアット,５００ 2WD,2013,ＡＴ,39,31212,5 - すごくきれい,32 ～ 37,2025年09月,,1200,8.12,白,AC NV TV AW
フィアット,５００ 3D 2WD,2012,ＡＴ,52,31209,4 - きれい,18 ～ 22,2025年09月,ツインエア スポーツ,,,白,900 AC NV TV AW
フィアット,５００ 2WD,2015,ＡＴ,56,31209,4 - きれい,23 ～ 29,2025年09月,,,,黄,900 AC
フィアット,５００ 3D 2WD,2013,ＡＴ,100,31209,4 - きれい,7 ～ 13,2025年09月,ツインエア ラウンジ,,8.5,白,900 AC NV TV AW
フィアット,５００ 3D 2WD,2019,ＡＴ,42,31209,5 - すごくきれい,119 ～ 123,2025年09月,ツインエア ラウンジ,,,赤,900 AC SR
フィアット,５００Ｃ 3D 2WD,2022,ＡＴ,24,31209,5 - すごくきれい,210 ～ 216,2025年09月,ツインエア ドルチェヴィータ,,,グレー,900 AC AW SR 革
フィアット,５００ 3D 2WD,2012,ＡＴ,98,31212,3 - 普通,1 ～ 5,2025年09月,１．２ ポップ,1200,,グレー,AC
フィアット,５００ 3D 2WD,2018,ＡＴ,64,31209,5 - すごくきれい,55 ～ 58,2025年09月,ツインエア ラウンジ,,,白,900 AC SR
フィアット,５００ 3D 2WD,2014,ＡＴ,39,31209,5 - すごくきれい,43 ～ 48,2025年09月,ツインエア ラウンジ,,,赤,900 AC AW
フィアット,５００ 3D 2WD,2012,ＡＴ,112,31212,3 - 普通,4 ～ 8,2025年09月,１．２ ポップ,1200,8.2,白,AC
フィアット,５００Ｘ 5D 4WD,2019,ＡＴ,51,33414,4 - きれい,80 ～ 82,2025年09月,クロス プラス,1400,8.3,グレー,AW
フィアット,５００ 3D 2WD,2015,ＡＴ,41,31209,3 - 普通,32 ～ 35,2025年09月,ツインエア ラウンジ,,8.7,青,900 AC AW SR
フィアット,ムルティプラ 5D 2WD,2006,５ＭＴ,117,186B6,-1 - 修復歴あり,1 ～ 6,2025年09月,ＥＬＸ,1600,,白,AC NV TV AW SR 革
フィアット,５００Ｓ 3D 2WD,2014,５ＭＴ,73,31209,4 - きれい,54 ～ 59,2025年09月,ツインエア,,8.1,青,900 AC NV TV AW SR 革
フィアット,５００ 2WD,2008,ＡＴ,118,31214,-1 - 修復歴あり,0 ～ 6,2025年09月,ライトブルー,1400,,,AC AW SR
フィアット,５００ 3D 2WD,2017,ＡＴ,67,31209,-1 - 修復歴あり,31 ～ 33,2025年09月,イタリー,,9.7,白,900 AC SR 革
フィアット,５００ 3D 2WD,2017,ＡＴ,151,31212,4 - きれい,11 ～ 15,2025年09月,１．２ ポップ,1200,,白,AC AW 革
フィアット,パンダ 5D 2WD,2015,ＡＴ,77,13909,5 - すごくきれい,13 ～ 16,2025年09月,イージー,,,白,900 AC AW
フィアット,５００ 3D 2WD,2019,ＡＴ,25,31212,5 - すごくきれい,156 ～ 160,2025年09月,１２０ｔｈタキシード,1200,8.10,,AC AW SR 革
フィアット,パンダ 5D 4WD,2021,６ＭＴ,16,13909,5 - すごくきれい,241 ～ 243,2025年09月,クロス ４×４,,8.2,グレー,900 AC AW 革
フィアット,５００ 2WD,2014,ＡＴ,57,31212,4 - きれい,17 ～ 20,2025年09月,,1200,,白,AC NV TV
フィアット,５００ 2WD,2016,ＡＴ,70,31212,5 - すごくきれい,48 ～ 54,2025年09月,,1200,,青,AC
フィアット,５００Ｘ 5D 2WD,2024,ＡＴ,1,33413PM,5 - すごくきれい,186 ～ 191,2025年09月,スポーツ,1300,9.5,青,AC AW
フィアット,５００Ｘ 5D 2WD,2016,ＡＴ,87,33414,3 - 普通,21 ～ 26,2025年09月,ポップスター プラス,1400,,,AC AW 革
フィアット,パンダ 5D 2WD,2016,ＡＴ,64,13909,4 - きれい,15 ～ 19,2025年09月,イージー,,,赤,900 AC AW
フィアット,バルケッタ オープン 2WD,2001,５ＭＴ,93,183A1,4 - きれい,21 ～ 26,2025年09月,,1800,,青,AC NV TV AW 革
フィアット,５００Ｃ 3D 2WD,2016,ＡＴ,81,31212,4 - きれい,29 ～ 33,2025年09月,１．２ ポップ,1200,,白,AC AW SR
フィアット,５００ 3D 2WD,2012,ＡＴ,69,31212,4 - きれい,6 ～ 10,2025年09月,１．２ ラウンジ,1200,,黒,AC AW SR
フィアット,５００ 2WD,2022,ＡＴ,55,31212,5 - すごくきれい,81 ～ 85,2025年09月,,1200,8.10,白,AC AW
フィアット,５００ 3D 2WD,2015,ＡＴ,81,31212,3 - 普通,8 ～ 12,2025年09月,１．２ ポップ,1200,,赤,AC AW
フィアット,５００Ｘ 2WD,2016,ＡＴ,55,33414,4 - きれい,26 ～ 31,2025年09月,,1400,,黒,AC AW
フィアット,５００Ｃ 3D 2WD,2021,ＡＴ,62,31212,5 - すごくきれい,74 ～ 80,2025年09月,１．２ カルト,1200,9.3,赤,AC NV TV AW 革
フィアット,５００ 2WD,2008,ＡＴ,96,31212,4 - きれい,3 ～ 6,2025年09月,,1200,,白,AC NV TV
フィアット,５００ 2WD,2015,ＡＴ,66,31209,4 - きれい,19 ～ 22,2025年09月,ライトブルー,,8.10,,900 AC
フィアット,５００Ｘ 5D 2WD,2018,ＡＴ,34,33414,3 - 普通,61 ～ 64,2025年09月,ポップスター プラス,1400,,白,AC AW 革
フィアット,パンダ 2WD,2020,ＡＴ,57,13909,4 - きれい,45 ～ 49,2025年09月,,,,グレー,900 AC AW
フィアット,パンダ 5D 2WD,2013,ＡＴ,47,13909,3 - 普通,4 ～ 10,2025年09月,イージー,,8.7,青,900 AC NV TV AW
フィアット,５００ 2WD,2009,ＡＴ,83,31212,3 - 普通,4 ～ 8,2025年09月,,1200,,赤,AC AW
フィアット,５００ 3D 2WD,2010,ＡＴ,103,31212,4 - きれい,4 ～ 8,2025年09月,１．２ ８Ｖ ラウンジ,1200,,オレンジ,AC NV TV AW SR 革
フィアット,５００Ｃ 3D 2WD,2020,ＡＴ,30,31212,5 - すごくきれい,165 ～ 167,2025年09月,ミモザ,1200,9.6,黄,AC NV TV AW SR 革
フィアット,５００ 3D 2WD,2016,ＡＴ,34,31212,5 - すごくきれい,83 ～ 88,2025年09月,１．２ ポップ,1200,8.1,黄,AC NV TV AW SR
フィアット,５００ 3D 2WD,2015,ＡＴ,53,31212,4 - きれい,10 ～ 14,2025年09月,１．２ ポップ,1200,8.9,赤,AC NV TV AW SR
フィアット,５００Ｘ 5D 2WD,2017,ＡＴ,39,33414,4 - きれい,45 ～ 47,2025年09月,ポップスター プラス,1400,8.9,赤,AC AW 革
フィアット,５００ 3D 2WD,2019,ＡＴ,55,31212,5 - すごくきれい,69 ～ 71,2025年09月,１．２ ポップ,1200,8.9,白,AC AW
フィアット,５００ 2WD,2017,ＡＴ,52,31212,5 - すごくきれい,35 ～ 41,2025年09月,,1200,7.11,白,AC AW SR
フィアット,５００ 3D 2WD,2023,ＡＴ,13,31209,5 - すごくきれい,258 ～ 263,2025年09月,ツインエア ドルチェヴィータ,,8.7,白,900 AC AW SR
フィアット,５００Ｘ 5D 2WD,2022,ＡＴ,15,33413PM,5 - すごくきれい,170 ～ 172,2025年09月,クロス,1300,,白,AC NV TV AW
フィアット,５００ 2WD,2018,ＡＴ,60,31212,5 - すごくきれい,39 ～ 43,2025年09月,,1200,,白,AC AW SR 革
フィアット,５００ 3D 2WD,2010,ＡＴ,81,31212,4 - きれい,2 ～ 7,2025年09月,１．２ ラウンジ,1200,,青,AC AW SR
フィアット,５００ 2WD,2019,ＡＴ,52,31212,5 - すごくきれい,38 ～ 42,2025年09月,,1200,,赤,AC
フィアット,５００ 2WD,2015,ＡＴ,43,31212,4 - きれい,33 ～ 38,2025年09月,,1200,8.9,白,AC NV TV SR 革
フィアット,５００Ｘ 5D 2WD,2018,ＡＴ,62,33414,5 - すごくきれい,53 ～ 58,2025年09月,ポップスター プラス,1400,,ベージュ,AC NV TV AW 革
フィアット,５００ 3D 2WD,2012,ＡＴ,86,31212,4 - きれい,7 ～ 11,2025年09月,１．２ ラウンジ,1200,,白,AC NV TV AW SR 革
フィアット,５００Ｃ 3D 2WD,2019,ＡＴ,31,31209,5 - すごくきれい,148 ～ 153,2025年09月,ツインエア ラウンジ,,8.11,赤,900 AC NV TV AW SR 革
フィアット,５００ 3D 2WD,2017,ＡＴ,38,31212,5 - すごくきれい,73 ～ 78,2025年09月,１．２ ポップ,1200,,緑,AC
フィアット,５００Ｘ 4WD,2017,ＡＴ,55,33414,3 - 普通,54 ～ 59,2025年09月,,1400,,黄,AC AW 革
フィアット,５００ 3D 2WD,2012,ＡＴ,54,31209,4 - きれい,10 ～ 15,2025年09月,ツインエア ポップ,,,,900 AC NV TV
フィアット,５００ 3D 2WD,2020,ＡＴ,14,31209,5 - すごくきれい,216 ～ 221,2025年09月,イレジスティービレ,,8.12,ピンク,900 AC NV TV AW SR 革
フィアット,５００ 3D 2WD,2021,ＡＴ,30,31212,5 - すごくきれい,156 ～ 162,2025年09月,１．２ カルト,1200,8.6,赤,AC AW SR 革
フィアット,５００Ｃ 3D 2WD,2014,ＡＴ,118,31209,4 - きれい,14 ～ 19,2025年09月,ジェラート,,,黄,900 AC NV TV AW
フィアット,５００ 2WD,2018,ＡＴ,111,31212,4 - きれい,19 ～ 22,2025年09月,,1200,8.10,赤,AC AW SR 革
フィアット,５００Ｃ 3D 2WD,2019,ＡＴ,36,31212,5 - すごくきれい,115 ～ 119,2025年09月,コレッツィオーネ,1200,,赤,AC NV TV AW SR 革
フィアット,５００Ｘ 5D 2WD,2019,ＡＴ,35,33413,5 - すごくきれい,129 ～ 135,2025年09月,クロス,1300,8.3,白,AC AW 革
フィアット,５００Ｓ 3D 2WD,2013,ＡＴ,105,31209,4 - きれい,16 ～ 21,2025年09月,オートマティカ,,,白,900 AC AW SR
フィアット,５００Ｘ 5D 2WD,2017,ＡＴ,94,33414,4 - きれい,41 ～ 43,2025年09月,ポップスター プラス,1400,7.12,,AC NV TV AW 革
フィアット,ニューパンダ 5D 2WD,2010,ＡＴ,101,16912,-1 - 修復歴あり,3 ～ 8,2025年09月,Ｍａｘｉ,1200,,白,AC NV TV AW SR 革
フィアット,パンダ 3D 4WD,1997,５ＭＴ,29,141AKB,4 - きれい,187 ～ 192,2025年09月,,1100,8.8,ベージュ,４×４
フィアット,５００ 3D 2WD,2012,ＡＴ,42,31209,5 - すごくきれい,45 ～ 47,2025年09月,ツインエア ラウンジ,,9.5,白,900 AC AW SR
フィアット,５００ 3D 2WD,2019,ＡＴ,32,31212,3 - 普通,32 ～ 35,2025年09月,１．２ ポップ,1200,,赤,AC AW SR
フィアット,パンダ 5D 4WD,2023,６ＭＴ,15,13909,5 - すごくきれい,253 ～ 259,2025年09月,クロス ４×４,,8.11,グレー,900 AC AW
フィアット,５００Ｓ 3D 2WD,2014,５ＭＴ,42,31209,4 - きれい,36 ～ 39,2025年09月,ツインエア,,9.4,グレー,900 AC NV TV AW 革
フィアット,５００Ｃ 3D 2WD,2017,ＡＴ,54,31212,4 - きれい,35 ～ 39,2025年09月,１．２ ポップ,1200,,赤,AC NV TV AW SR 革
フィアット,５００ 3D 2WD,2024,ＡＴ,16,31209,5 - すごくきれい,270 ～ 276,2025年09月,ツインエア ドルチェヴィータ,,9.9,白,900 AC AW SR 革
フィアット,５００Ｘ 5D 2WD,2020,ＡＴ,55,33413PM,4 - きれい,113 ～ 116,2025年09月,インディゴ,1300,7.9,青,AC AW 革
フィアット,５００Ｘ 5D 2WD,2019,ＡＴ,22,33413,4 - きれい,130 ～ 134,2025年09月,クロス,1300,8.11,白,AC AW 革
フィアット,５００ 3D 2WD,2021,ＡＴ,50,31212,4 - きれい,72 ～ 78,2025年09月,ドルチェヴィータ,1200,,ワイン,AC NV TV AW SR
フィアット,５００Ｘ 5D 4WD,2016,ＡＴ,56,33414,5 - すごくきれい,73 ～ 77,2025年09月,クロス プラス,1400,,白,AC AW 革
フィアット,５００Ｘ 5D 2WD,2020,ＡＴ,44,33413PM,5 - すごくきれい,133 ～ 136,2025年09月,クロス,1300,9.10,赤,AC AW 革
フィアット,５００ 3D 2WD,2016,ＡＴ,22,31212,4 - きれい,51 ～ 55,2025年09月,スカッコ,1200,7.10,白,AC AW SR
フィアット,５００ 3D 2WD,2015,ＡＴ,28,31212,4 - きれい,40 ～ 45,2025年09月,メントルザータ,1200,9.2,緑,AC AW 革
フィアット,５００ 3D 2WD,2018,ＡＴ,69,31212,4 - きれい,36 ～ 39,2025年09月,トロピカーレ,1200,,赤,AC AW SR
フィアット,５００ 3D 2WD,2022,ＡＴ,16,31209,5 - すごくきれい,229 ～ 233,2025年09月,ツインエア ドルチェヴィータ,,,白,900 AC AW SR 革
フィアット,５００Ｘ 5D 2WD,2022,ＡＴ,18,33413PM,5 - すごくきれい,148 ～ 153,2025年09月,クロス,1300,,グレー,AC AW
フィアット,５００ 3D 2WD,2011,ＡＴ,90,31209,3 - 普通,9 ～ 14,2025年09月,ツインエア ポップ,,8.9,白,900 AC AW SR 革
フィアット,５００ 3D 2WD,2020,ＡＴ,45,31212,5 - すごくきれい,111 ～ 114,2025年09月,１．２ ポップ,1200,,緑,AC AW 革
フィアット,５００Ｘ 5D 2WD,2020,ＡＴ,60,33413,4 - きれい,78 ～ 82,2025年09月,クロス,1300,,グレー,AC AW 革
フィアット,５００Ｘ 5D 2WD,2017,ＡＴ,98,33414,5 - すごくきれい,35 ～ 41,2025年09月,ポップスター プラス,1400,7.11,白,AC AW 革
フィアット,５００ 2WD,2021,ＡＴ,41,31212,5 - すごくきれい,136 ～ 141,2025年09月,,1200,8.8,白,AC AW SR
フィアット,５００ 2WD,2013,ＡＴ,57,31212,3 - 普通,10 ～ 14,2025年09月,,1200,,白,AC AW SR
フィアット,５００ 2WD,2014,ＡＴ,75,31209,3 - 普通,5 ～ 10,2025年09月,,,,白,900 AC NV TV AW
フィアット,ドブロ 5D 2WD,2023,ＡＴ,24,K9FYH01,4 - きれい,227 ～ 231,2025年09月,ベースグレード,1500,8.9,,AC NV TV AW SR 革
フィアット,５００Ｘ 5D 2WD,2020,ＡＴ,54,33413PM,5 - すごくきれい,129 ～ 135,2025年09月,クロス,1300,9.4,ベージュ,AC AW 革
フィアット,５００ 3D 2WD,2020,ＡＴ,23,31209,4 - きれい,141 ～ 146,2025年09月,ツインエア ポップ,,,白,900 AC SR 革
フィアット,５００ 3D 2WD,2019,ＡＴ,27,31212,5 - すごくきれい,146 ～ 149,2025年09月,１２０ｔｈタキシード,1200,9.3,,AC AW SR 革
フィアット,５００Ｘ 5D 2WD,2023,ＡＴ,28,33413PM,5 - すごくきれい,160 ～ 164,2025年09月,スポーツ,1300,8.8,白,AC AW 革
フィアット,５００ 3D 2WD,2011,５ＭＴ,27,31212,4 - きれい,31 ～ 34,2025年09月,１．２ スポーツ,1200,,赤,AC AW
フィアット,５００ 3D 2WD,2018,ＡＴ,57,31209,5 - すごくきれい,52 ～ 56,2025年09月,ツインエア ラウンジ,,9.5,白,900 AC AW SR
フィアット,５００Ｘ 5D 2WD,2017,ＡＴ,25,33414,5 - すごくきれい,69 ～ 72,2025年09月,ポップスター,1400,7.11,黒,AC AW
フィアット,５００Ｃ 2WD,2020,ＡＴ,20,31212,5 - すごくきれい,187 ～ 192,2025年09月,ワインII,1200,,,AC AW SR
フィアット,５００Ｘ 5D 2WD,2017,ＡＴ,92,33414,4 - きれい,25 ～ 29,2025年09月,セーフティパッケージ,1400,,赤,AC AW 革
フィアット,５００ 3D 2WD,2017,ＡＴ,91,31209,4 - きれい,25 ～ 29,2025年09月,ツインエア ポップ,,8.1,,900 AC AW
フィアット,５００ 2WD,2013,ＡＴ,51,31212,5 - すごくきれい,24 ～ 26,2025年09月,,1200,8.12,クリーム,AC
フィアット,パンダ 5D 2WD,2022,ＡＴ,19,13909,5 - すごくきれい,142 ～ 144,2025年09月,イージー,,7.12,グレー,900 AC
フィアット,５００Ｘ 5D 2WD,2019,ＡＴ,50,33413,5 - すごくきれい,121 ～ 124,2025年09月,クロス,1300,9.1,白,AC AW 革
フィアット,５００ 3D 2WD,2010,ＡＴ,44,31214,3 - 普通,4 ～ 7,2025年09月,１．４ １６Ｖ ポップ,1400,,青,AC AW
フィアット,５００ 2WD,2020,ＡＴ,46,31212,5 - すごくきれい,94 ～ 98,2025年09月,,1200,,赤,AC
フィアット,パンダ 5D 4WD,2015,６ＭＴ,71,13909,5 - すごくきれい,39 ～ 42,2025年09月,４×４,,8.6,赤,900 AC AW
フィアット,５００Ｘ 5D 2WD,2017,ＡＴ,40,33414,4 - きれい,36 ～ 42,2025年09月,ポップスター,1400,8.9,白,AC
フィアット,パンダ 5D 4WD,2014,６ＭＴ,94,13909,4 - きれい,24 ～ 27,2025年09月,４×４,,8.2,緑,900 AC AW
フィアット,５００ 2WD,2016,ＡＴ,112,31209,3 - 普通,3 ～ 5,2025年09月,,,8.12,赤,900 AC NV TV
フィアット,５００Ｘ 5D 2WD,2022,ＡＴ,26,33413PM,5 - すごくきれい,139 ～ 144,2025年09月,コンフォート,1300,7.10,シルバー,AC AW 革
フィアット,５００ 3D 2WD,2014,ＡＴ,78,31212,4 - きれい,27 ～ 31,2025年09月,メンティーナ,1200,,緑,AC AW SR
フィアット,５００Ｘ 4WD,2018,ＡＴ,29,33414,4 - きれい,117 ～ 122,2025年09月,,1400,,ベージュ,AC
フィアット,５００ 3D 2WD,2015,ＡＴ,46,31212,4 - きれい,49 ～ 52,2025年09月,メントルザータ,1200,8.10,,AC NV TV AW
フィアット,５００ 3D 2WD,2010,ＡＴ,75,31212,4 - きれい,9 ～ 13,2025年09月,１．２ ８Ｖ ポップ,1200,,白,AC NV TV AW SR 革
フィアット,５００ 3D 2WD,2016,ＡＴ,56,31209,4 - きれい,34 ～ 38,2025年09月,ツインエア ポップ,,,赤,900 AC 革
フィアット,５００ 3D 2WD,2018,ＡＴ,48,31212,4 - きれい,101 ～ 106,2025年09月,プーラ,1200,9.6,ベージュ,AC NV TV AW SR
フィアット,５００ 3D 2WD,2014,ＡＴ,68,31209,-1 - 修復歴あり,8 ～ 11,2025年09月,ツインエア スーパーポップ２,,,白,900 AC
フィアット,５００ 2WD,2015,ＡＴ,79,31212,4 - きれい,14 ～ 20,2025年09月,,1200,8.6,黒,AC
フィアット,５００ 3D 2WD,2016,ＡＴ,69,31209,5 - すごくきれい,47 ～ 51,2025年09月,ツインエア ラウンジ,,,緑,900 AC NV TV AW SR 革
フィアット,５００Ｘ 5D 2WD,2016,ＡＴ,54,33414,3 - 普通,27 ～ 30,2025年09月,ポップスター プラス,1400,,ベージュ,AW 革
フィアット,パンダ 5D 2WD,2022,ＡＴ,20,13909,5 - すごくきれい,123 ～ 127,2025年09月,イージー,,,グレー,900 AC NV TV
フィアット,５００Ｓ 3D 2WD,2015,５ＭＴ,80,31209,4 - きれい,37 ～ 40,2025年09月,ツインエア,,8.5,グレー,900 AC NV TV AW SR 革
フィアット,５００ 3D 2WD,2021,ＡＴ,12,31212,5 - すごくきれい,166 ～ 170,2025年09月,１．２ ポップ,1200,8.3,白,AC AW
フィアット,５００ 3D 2WD,2014,ＡＴ,35,31209,3 - 普通,11 ～ 15,2025年09月,ツインエア ポップ,,,赤,900 AC NV TV
フィアット,５００ 3D 2WD,2018,ＡＴ,62,31209,4 - きれい,42 ～ 45,2025年09月,ツインエア ポップ,,,赤,900 AC AW
フィアット,５００Ｘ 2WD,2016,ＡＴ,57,33414,3 - 普通,24 ～ 28,2025年09月,,1400,,黒,AC
フィアット,５００ 2WD,2020,ＡＴ,55,31212,5 - すごくきれい,78 ～ 81,2025年09月,ライトブルー,1200,9.5,,AC NV TV
フィアット,５００Ｘ 5D 2WD,2017,ＡＴ,74,33414,4 - きれい,42 ～ 46,2025年09月,ポップスター プラス,1400,,赤,AC 革
フィアット,５００ 3D 2WD,2018,ＡＴ,14,31209,5 - すごくきれい,140 ～ 142,2025年09月,ツインエア ラウンジ,,9.2,,900 AC NV TV AW SR 革
フィアット,５００ 3D 2WD,2018,ＡＴ,32,31212,4 - きれい,69 ～ 74,2025年09月,１．２ ポップ,1200,,白,AC AW
フィアット,５００ 3D 2WD,2018,ＡＴ,183,31209,3 - 普通,5 ～ 8,2025年09月,ツインエア ラウンジ,,,白,900 AC NV TV AW SR 革
フィアット,５００ 2WD,2009,ＡＴ,79,31212,3 - 普通,3 ～ 9,2025年09月,,1200,,赤,AC AW SR 革
フィアット,５００Ｃ 2WD,2013,ＡＴ,113,31209,4 - きれい,15 ～ 19,2025年09月,,,9.5,パール,900 AC NV TV AW SR 革
フィアット,５００ 3D 2WD,2016,ＡＴ,50,31209,5 - すごくきれい,57 ～ 61,2025年09月,ツインエア ポップ,,,白,900 AC
フィアット,パンダ 5D 4WD,2014,６ＭＴ,90,13909,4 - きれい,38 ～ 40,2025年09月,４×４,,7.8,白,900 AC NV TV AW
フィアット,５００ 3D 2WD,2021,ＡＴ,25,31212,5 - すごくきれい,121 ～ 123,2025年09月,１．２ カルト,1200,8.10,赤,AC AW
フィアット,５００Ｘ 5D 4WD,2015,ＡＴ,95,33414,4 - きれい,35 ～ 40,2025年09月,クロス プラス,1400,8.11,白,AC NV TV AW SR 革
フィアット,５００ 2WD,2020,ＡＴ,46,31212,5 - すごくきれい,112 ～ 117,2025年09月,,1200,9.5,白,AC AW SR
フィアット,５００Ｘ 5D 2WD,2022,ＡＴ,10,33413PM,5 - すごくきれい,195 ～ 199,2025年09月,インフィニート,1300,,白,AC NV TV AW 革
フィアット,５００ 3D 2WD,2016,ＡＴ,47,31209,4 - きれい,41 ～ 45,2025年09月,ツインエア ポップ,,,黄,900 AC AW SR
フィアット,パンダ 5D 2WD,2015,ＡＴ,53,13909,4 - きれい,13 ～ 18,2025年09月,イージー,,8.2,白,900 AC AW
フィアット,５００ 3D 2WD,2012,ＡＴ,60,31209,4 - きれい,10 ～ 15,2025年09月,ツインエア ポップ,,,白,900 AC NV TV AW SR
フィアット,５００ 3D 2WD,2020,ＡＴ,25,31209,5 - すごくきれい,149 ～ 151,2025年09月,ツインエア ポップ,,9.8,白,900 AC NV TV AW SR 革
フィアット,５００ 3D 2WD,2022,ＡＴ,26,31209,5 - すごくきれい,209 ～ 212,2025年09月,スポーツ,,9.6,青,900 AC NV TV AW SR 革
フィアット,５００ 3D 2WD,2014,ＡＴ,46,31212,4 - きれい,18 ～ 20,2025年09月,１．２ スーパーポップ バースデイエディション,1200,,白,AC AW SR
フィアット,５００ｅ 3D 2WD,2024,ＡＴ,4,FA1,5 - すごくきれい,215 ～ 219,2025年09月,アイコン,,9.5,緑,000 AC NV TV AW SR 革
フィアット,５００Ｘ 5D 2WD,2020,ＡＴ,50,33413PM,5 - すごくきれい,125 ～ 128,2025年09月,インディゴ,1300,7.12,青,AC NV TV AW 革
フィアット,パンダ 5D 2WD,2015,ＡＴ,36,13909,5 - すごくきれい,24 ～ 29,2025年09月,イージー,,8.8,白,900 AC AW
フィアット,５００ 3D 2WD,2021,ＡＴ,35,31212,5 - すごくきれい,127 ～ 131,2025年09月,１．２ ポップ,1200,8.4,白,AC NV TV
フィアット,５００ 3D 2WD,2022,ＡＴ,24,31212,5 - すごくきれい,200 ～ 202,2025年09月,１．２ ドルチェ,1200,,赤,AC NV TV AW SR 革
フィアット,５００ 3D 2WD,2019,ＡＴ,35,31209,5 - すごくきれい,120 ～ 122,2025年09月,ツインエア ラウンジ,,8.2,赤,900 AC AW SR
フィアット,５００ 3D 2WD,2012,ＡＴ,23,31209,3 - 普通,5 ～ 11,2025年09月,ツインエア ラウンジ,,9.4,白,900 AC AW SR
フィアット,５００Ｃ 2WD,2016,ＡＴ,55,31212,5 - すごくきれい,43 ～ 47,2025年09月,,1200,9.5,赤,AC NV TV AW SR 革
フィアット,５００ 3D 2WD,2021,ＡＴ,23,31212,5 - すごくきれい,134 ～ 138,2025年09月,１．２ ポップ,1200,,白,AC NV TV AW SR 革
フィアット,パンダ 5D 2WD,2015,ＡＴ,58,13909,5 - すごくきれい,18 ～ 20,2025年09月,イージー,,8.7,白,900 AC AW
フィアット,５００ 3D 2WD,2015,ＡＴ,51,31209,4 - きれい,17 ～ 21,2025年09月,ツインエア ラウンジ,,8.7,白,900 AC AW SR 革
フィアット,５００ 2WD,2015,ＡＴ,79,31212,4 - きれい,20 ～ 25,2025年09月,,1200,8.5,赤,AC AW SR 革
フィアット,５００ 2WD,2015,ＡＴ,53,31212,4 - きれい,16 ～ 20,2025年09月,,1200,8.9,白,AC NV TV AW SR
フィアット,５００Ｘ 5D 2WD,2016,ＡＴ,86,33414,3 - 普通,13 ～ 17,2025年09月,ポップスター,1400,,白,AC AW SR 革
フィアット,５００ 3D 2WD,2015,ＡＴ,46,31209,4 - きれい,27 ～ 31,2025年09月,ツインエア ポップ,,,白,900 AC AW
フィアット,５００Ｘ 5D 2WD,2021,ＡＴ,19,33413PM,5 - すごくきれい,181 ～ 185,2025年09月,グランビスタ,1300,8.6,,AC NV TV AW SR 革
フィアット,５００ 3D 2WD,2014,ＡＴ,56,31212,3 - 普通,2 ～ 8,2025年09月,１．２ ポップ,1200,,赤,AC NV TV AW
フィアット,５００Ｘ 5D 2WD,2018,ＡＴ,63,33414,4 - きれい,44 ～ 49,2025年09月,ポップスター プラス,1400,,黄,AC NV TV AW SR 革
フィアット,５００ 2WD,2016,ＡＴ,77,31209,3 - 普通,8 ～ 11,2025年09月,,,,赤,900 AC AW SR 革
フィアット,５００Ｘ 5D 2WD,2016,ＡＴ,1,33414,4 - きれい,90 ～ 96,2025年09月,ポップスター,1400,,グレー,AC AW SR 革
フィアット,５００ 3D 2WD,2020,ＡＴ,35,31209,3 - 普通,105 ～ 109,2025年09月,スーパーポップ フィオーレ,,,白,900 AC AW SR
フィアット,５００ 3D 2WD,2016,ＡＴ,92,31212,3 - 普通,26 ～ 28,2025年09月,スカッコ,1200,,オレンジ,AC AW SR
フィアット,５００ 3D 2WD,2016,ＡＴ,49,31209,5 - すごくきれい,63 ～ 65,2025年09月,ツインエア ポップ,,9.3,白,900 AC
フィアット,５００ 3D 2WD,2017,ＡＴ,90,31212,5 - すごくきれい,27 ～ 32,2025年09月,１．２ ポップ,1200,7.12,白,AC NV TV AW 革
フィアット,デュカト 2WD,2017,ＡＴ,37,5 - すごくきれい,449 ～ 453,nan,2025年09月,,2200,,白,AC NV TV AW SR 革
フィアット,デュカト 2WD,2021,ＡＴ,20,4 - きれい,715 ～ 719,nan,2025年09月,,2200,8.5,白,AC NV TV AW 革
フィアット,ドブロ 5D 2WD,2023,ＡＴ,35,K9FYH01,5 - すごくきれい,187 ～ 191,2025年09月,ベースグレード,1500,8.10,グレー,AC NV TV AW 革
フィアット,５００ 3D 2WD,2017,ＡＴ,98,31209,4 - きれい,17 ～ 21,2025年09月,ツインエア ポップ,,8.3,緑,900 AC SR 革
フィアット,パンダ 5D 2WD,2015,ＡＴ,38,13909,3 - 普通,23 ～ 25,2025年09月,イージー,,9.3,ベージュ,900 AC AW
フィアット,５００ 3D 2WD,2018,ＡＴ,48,31212,5 - すごくきれい,51 ～ 53,2025年09月,１．２ ポップ,1200,8.3,赤,AC AW SR
フィアット,５００ 3D 2WD,2020,ＡＴ,37,31212,5 - すごくきれい,119 ～ 123,2025年09月,スーパーポップ ジャポーネ,1200,,赤,AC AW SR 革
フィアット,５００ 3D 2WD,2014,ＡＴ,66,31212,4 - きれい,18 ～ 24,2025年09月,１．２ ポップ,1200,8.1,赤,AC NV TV
フィアット,５００Ｘ 5D 2WD,2019,ＡＴ,39,33413,5 - すごくきれい,133 ～ 137,2025年09月,クロス,1300,8.7,ベージュ,AC NV TV AW SR 革
フィアット,５００Ｃ 2WD,2012,ＡＴ,81,31209,4 - きれい,16 ～ 21,2025年09月,,,,青,900 AC NV TV AW SR
フィアット,５００Ｘ 5D 2WD,2018,ＡＴ,53,33414,4 - きれい,51 ～ 55,2025年09月,ポップスター プラス,1400,,グレー,AC NV TV AW 革
フィアット,５００Ｓ 3D 2WD,2014,５ＭＴ,72,31209,4 - きれい,56 ～ 61,2025年09月,ツインエア,,7.6,グレー,900 AC NV TV AW SR 革
フィアット,パンダ 3D 4WD,1994,５ＭＴ,159,F153A2,3 - 普通,54 ～ 57,2025年09月,,1100,7.9,青,４×４
フィアット,５００ 3D 2WD,2022,ＡＴ,12,31209,5 - すごくきれい,220 ～ 224,2025年09月,ツインエア カルト,,,オレンジ,900 AC NV TV AW
フィアット,５００ 3D 2WD,2010,ＡＴ,40,31212,4 - きれい,3 ～ 9,2025年09月,１．２ ポップ,1200,,白,AC NV TV AW SR 革
フィアット,５００ 3D 2WD,2010,ＡＴ,56,31212,4 - きれい,5 ～ 7,2025年09月,１．２ ８Ｖ ラウンジ,1200,,赤,AC NV TV AW
フィアット,５００ 2WD,2019,ＡＴ,42,31212,-1 - 修復歴あり,26 ～ 29,2025年09月,,1200,,赤,AC AW
フィアット,５００ 3D 2WD,2018,ＡＴ,40,31212,5 - すごくきれい,140 ～ 142,2025年09月,プーラ,1200,8.12,ベージュ,AC AW SR
フィアット,５００Ｃ 3D 2WD,2012,ＡＴ,78,31212,4 - きれい,19 ～ 24,2025年09月,１．２ ポップ,1200,8.7,白,AC AW SR
フィアット,５００Ｃ 3D 2WD,2022,ＡＴ,11,31209,5 - すごくきれい,256 ～ 260,2025年09月,ツインエア ドルチェヴィータ,,,白,900 AC NV TV AW SR
フィアット,５００Ｃ 3D 2WD,2012,ＡＴ,111,31212,3 - 普通,6 ～ 11,2025年09月,１．２ ポップ,1200,,白,AC AW SR 革
フィアット,５００Ｘ 5D 2WD,2015,ＡＴ,55,33414,4 - きれい,57 ～ 61,2025年09月,ポップスター プラス,1400,,赤,AC AW SR 革
フィアット,５００Ｃ 3D 2WD,2014,ＡＴ,86,31212,4 - きれい,13 ～ 17,2025年09月,１．２ ポップ,1200,,赤,AC AW SR 革
フィアット,５００ 3D 2WD,2010,ＡＴ,90,31214,3 - 普通,3 ～ 7,2025年09月,１．４ １６Ｖ ラウンジ,1400,,白,AC AW
フィアット,５００ 3D 2WD,2015,ＡＴ,81,31209,3 - 普通,19 ～ 24,2025年09月,ヴィンテージ,,8.7,白,900 AC AW
フィアット,５００ 3D 2WD,2021,ＡＴ,12,31212,5 - すごくきれい,156 ～ 160,2025年09月,１．２ ポップ,1200,8.3,白,AC
フィアット,パンダ 5D 2WD,2020,ＡＴ,29,13909,5 - すごくきれい,78 ～ 83,2025年09月,イージー,,7.10,白,900 AC AW
フィアット,デュカト 2WD,2014,ＡＴ,59,4 - きれい,298 ～ 303,nan,2025年09月,,2200,8.7,オレンジ,AC NV TV AW SR 革
フィアット,パンダ 5D 2WD,2019,ＡＴ,37,13909,5 - すごくきれい,28 ～ 32,2025年09月,イージー,,7.11,赤,900 AC AW
フィアット,デュカト 2WD,2021,ＡＴ,45,5 - すごくきれい,556 ～ 562,nan,2025年09月,,2200,,グレー,AC NV TV AW SR 革
フィアット,５００Ｘ 5D 2WD,2023,ＡＴ,8,33413PM,5 - すごくきれい,179 ～ 183,2025年09月,クロス,1300,,グレー,AC AW SR 革
フィアット,５００Ｃ 3D 2WD,2019,ＡＴ,35,31212,5 - すごくきれい,122 ～ 125,2025年09月,１．２ ポップ,1200,9.1,白,AC NV TV AW SR
フィアット,５００ 3D 2WD,2022,ＡＴ,23,31212,5 - すごくきれい,183 ～ 186,2025年09月,１．２ ドルチェ,1200,,白,AC AW SR 革
フィアット,５００ 3D 2WD,2021,ＡＴ,35,31212,5 - すごくきれい,137 ～ 139,2025年09月,１．２ ポップ,1200,9.1,緑,AC AW SR 革
フィアット,５００ 2WD,2016,ＡＴ,110,31212,3 - 普通,9 ～ 14,2025年09月,,1200,,白,AC NV TV
フィアット,５００Ｃ 3D 2WD,2017,ＡＴ,59,31212,4 - きれい,27 ～ 31,2025年09月,１．２ ポップ,1200,,赤,AC AW SR
フィアット,５００Ｘ 5D 2WD,2017,ＡＴ,95,33414,4 - きれい,26 ～ 29,2025年09月,セーフティパッケージ,1400,,青,AC NV TV AW 革
フィアット,５００ 3D 2WD,2013,ＡＴ,36,31212,4 - きれい,45 ～ 48,2025年09月,パステロ,1200,8.2,ベージュ,AC NV TV AW SR 革
フィアット,５００ 3D 2WD,2011,ＡＴ,70,31212,4 - きれい,17 ～ 22,2025年09月,１．２ ポップ,1200,8.3,白,AC
フィアット,５００ 2WD,2009,ＡＴ,98,31212,4 - きれい,5 ～ 9,2025年09月,,1200,8.4,白,AC NV TV AW SR 革
フィアット,５００ 2WD,2010,ＡＴ,113,31214,4 - きれい,2 ～ 5,2025年09月,,1400,,白,AC AW SR
フィアット,５００ 2WD,2011,ＡＴ,48,31209,3 - 普通,4 ～ 9,2025年09月,,,,白,900 AC
フィアット,５００ 3D 2WD,2013,ＡＴ,90,31212,4 - きれい,12 ～ 16,2025年09月,スーパーポップ,1200,9.1,パール,AC 革
フィアット,５００ 2WD,2014,ＡＴ,75,31209,3 - 普通,13 ～ 17,2025年09月,,,,赤,900 AC NV TV AW SR
フィアット,５００ 3D 2WD,2020,ＡＴ,16,31212,5 - すごくきれい,172 ～ 175,2025年09月,スーパーポップ ジャポーネ,1200,,,AC AW
フィアット,５００ 3D 2WD,2016,ＡＴ,42,31209,5 - すごくきれい,54 ～ 58,2025年09月,ツインエア ポップ,,9.1,パール,900 AC NV TV AW
フィアット,５００ 2WD,2010,ＡＴ,85,31212,3 - 普通,3 ～ 9,2025年09月,ライトブルー,1200,8.1,,AC AW SR
フィアット,５００Ｃ 3D 2WD,2012,ＡＴ,93,31212,4 - きれい,31 ～ 36,2025年09月,バイ グッチ,1200,8.5,パール,AC AW SR 革
フィアット,５００Ｘ 5D 2WD,2018,ＡＴ,40,33414,-1 - 修復歴あり,45 ～ 48,2025年09月,ポップスター プラス,1400,,グレー,AC NV TV AW SR 革
フィアット,パンダ 2WD,2015,ＡＴ,82,13909,3 - 普通,10 ～ 15,2025年09月,,,8.12,緑,900 AC
フィアット,５００Ｘ 5D 4WD,2017,ＡＴ,112,33414,4 - きれい,33 ～ 36,2025年09月,イエロークロス,1400,,黄,AC AW 革
フィアット,５００Ｘ 5D 2WD,2018,ＡＴ,37,33414,3 - 普通,58 ～ 62,2025年09月,ポップスター プラス,1400,9.2,白,AC NV TV AW SR 革
フィアット,５００ 3D 2WD,2012,ＡＴ,41,31209,4 - きれい,19 ～ 21,2025年09月,ツインエア スポーツ,,7.11,黄,900 AC AW SR 革
フィアット,５００ 3D 2WD,2024,ＡＴ,4,31212,5 - すごくきれい,177 ～ 181,2025年09月,１．２ カルト,1200,9.7,白,AC NV TV AW SR 革
フィアット,５００ 2WD,2014,ＡＴ,34,31209,3 - 普通,11 ～ 14,2025年09月,,,,黄,900 AC AW SR 革
フィアット,バルケッタ オープン 2WD,1998,５ＭＴ,32,183A1,3 - 普通,56 ～ 61,2025年09月,ベースグレード,1800,,黄,AC NV TV AW SR 革
フィアット,５００ 3D 2WD,2012,ＡＴ,130,31209,4 - きれい,3 ～ 8,2025年09月,ツインエア スポーツ,,,青,900 AC AW 革
フィアット,５００ 3D 2WD,2016,ＡＴ,67,31209,5 - すごくきれい,35 ～ 40,2025年09月,ツインエア ポップ,,,白,900 AC NV TV AW
フィアット,パンダ 5D 2WD,2016,ＡＴ,41,13909,3 - 普通,5 ～ 10,2025年09月,イージー,,,赤,900 AC AW
フィアット,５００Ｃ 2WD,2012,ＡＴ,34,31212,4 - きれい,18 ～ 21,2025年09月,,1200,,白,AC SR 革
フィアット,ニューパンダ 5D 2WD,2010,ＡＴ,96,16912,3 - 普通,2 ～ 6,2025年09月,Ｍａｘｉ,1200,,白,AC NV TV AW 革
フィアット,５００Ｘ 5D 4WD,2017,ＡＴ,68,33414,5 - すごくきれい,67 ～ 70,2025年09月,クロス プラス,1400,8.10,白,AC AW 革
フィアット,５００ 3D 2WD,2013,ＡＴ,21,31209,3 - 普通,16 ～ 21,2025年09月,ツインエア ラウンジ,,,青,900 AC AW SR 革
フィアット,５００ｅ 2WD,2023,ＡＴ,8,FA1,5 - すごくきれい,222 ～ 227,2025年09月,,,8.9,白,000 AC NV TV AW SR 革
フィアット,５００ 3D 2WD,2015,ＡＴ,81,31212,4 - きれい,24 ～ 30,2025年09月,スーパーポップ トポ,1200,8.11,,AC NV TV AW SR 革
フィアット,５００Ｘ 5D 2WD,2016,ＡＴ,64,33414,4 - きれい,40 ～ 42,2025年09月,ポップスター,1400,,ベージュ,AC AW
フィアット,５００Ｘ 5D 4WD,2018,ＡＴ,21,33414,5 - すごくきれい,126 ～ 130,2025年09月,クロス プラス,1400,9.4,青,AC AW 革
フィアット,パンダ 2WD,1996,ＡＴ,96,141AKA,-1 - 修復歴あり,22 ～ 26,2025年09月,,1100,8.2,茶,AC
フィアット,５００Ｘ 5D 2WD,2018,ＡＴ,84,33414,4 - きれい,34 ～ 37,2025年09月,ポップスター プラス,1400,8.11,ベージュ,AC NV TV AW 革
フィアット,５００ 3D 2WD,2009,ＡＴ,80,31212,3 - 普通,2 ～ 6,2025年09月,１．２ ８Ｖ ラウンジ,1200,,青,AC AW SR
フィアット,５００Ｘ 5D 2WD,2016,ＡＴ,69,33414,4 - きれい,30 ～ 34,2025年09月,ポップスター プラス,1400,8.1,ベージュ,AC NV TV AW 革
フィアット,５００ 3D 2WD,2020,ＡＴ,17,31209,5 - すごくきれい,160 ～ 165,2025年09月,ツインエア ラウンジ,,,青,900 AC NV TV AW SR 革
フィアット,５００ 3D 2WD,2016,ＡＴ,79,31209,4 - きれい,26 ～ 28,2025年09月,ツインエア ポップ,,9.4,青,900 AC NV TV
フィアット,パンダ 5D 2WD,2013,ＡＴ,97,13909,3 - 普通,7 ～ 11,2025年09月,イージー,,8.7,青,900 AC AW
フィアット,パンダ 5D 2WD,2017,ＡＴ,59,13909,4 - きれい,12 ～ 15,2025年09月,イージー,,8.4,青,900 AC AW
フィアット,５００ 3D 2WD,2013,ＡＴ,52,31209,4 - きれい,29 ～ 34,2025年09月,ツインエア ラウンジ,,8.8,青,900 AC AW SR 革
フィアット,５００ 3D 2WD,2017,ＡＴ,26,31212,5 - すごくきれい,62 ～ 67,2025年09月,１．２ ポップ,1200,8.6,白,AC NV TV AW SR 革
フィアット,５００ 3D 2WD,2015,ＡＴ,74,31212,-1 - 修復歴あり,14 ～ 18,2025年09月,１．２ ポップ,1200,9.2,白,AC AW SR
フィアット,５００ 3D 2WD,2014,ＡＴ,111,31209,4 - きれい,5 ～ 9,2025年09月,ツインエア ラウンジ,,,黒,900 AC AW SR 革
フィアット,５００ 3D 2WD,2016,ＡＴ,31,31209,4 - きれい,83 ～ 87,2025年08月,ツインエア ポップ,,,緑,900 AC NV TV AW 革
フィアット,５００Ｘ 5D 2WD,2021,ＡＴ,30,33413PM,5 - すごくきれい,168 ～ 173,2025年08月,クロス,1300,8.6,ベージュ,AC NV TV AW 革
フィアット,５００ 3D 2WD,2012,ＡＴ,55,31209,4 - きれい,9 ～ 12,2025年08月,ヴェスヴィオ,,,グレー,900 AC AW
フィアット,５００Ｘ 5D 2WD,2016,ＡＴ,82,33414,3 - 普通,16 ～ 20,2025年08月,ポップスター プラス,1400,,,AC NV TV AW 革
フィアット,パンダ 3D 2WD,1996,５ＭＴ,47,141AKA,4 - きれい,132 ～ 138,2025年08月,,1100,,緑,ＣＬＸ
フィアット,５００ 3D 2WD,2018,ＡＴ,46,31212,5 - すごくきれい,55 ～ 59,2025年08月,１．２ ポップ,1200,,赤,AC AW SR
フィアット,５００Ｘ 5D 2WD,2016,ＡＴ,43,33414,4 - きれい,54 ～ 59,2025年08月,ポップスター プラス,1400,,ベージュ,AC NV TV AW 革
フィアット,５００ 3D 2WD,2021,ＡＴ,23,31212,5 - すごくきれい,165 ～ 168,2025年08月,１．２ ポップ,1200,8.3,,AC AW SR
フィアット,５００Ｃ 3D 2WD,2019,ＡＴ,39,31212,5 - すごくきれい,149 ～ 153,2025年08月,１．２ ポップ,1200,8.7,白,AC NV TV AW 革
フィアット,５００Ｓ 3D 2WD,2013,５ＭＴ,115,31209,4 - きれい,15 ～ 17,2025年08月,ツインエア,,8.11,白,900 AC AW SR 革
フィアット,５００ 3D 2WD,2014,ＡＴ,50,31212,5 - すごくきれい,25 ～ 29,2025年08月,１．２ ポップ,1200,7.9,白,AC AW SR
フィアット,５００Ｃ 3D 2WD,2010,ＡＴ,103,31212,3 - 普通,8 ～ 13,2025年08月,１．２ ８Ｖ ポップ,1200,,赤,AC AW SR 革
フィアット,５００ 3D 2WD,2018,ＡＴ,80,31212,4 - きれい,42 ～ 46,2025年08月,１．２ ポップ,1200,,白,AC SR 革
フィアット,５００ 3D 2WD,2011,５ＭＴ,97,31212,4 - きれい,8 ～ 12,2025年08月,１．２ スポーツ,1200,,グレー,AC NV TV AW
フィアット,５００Ｘ 5D 2WD,2020,ＡＴ,23,33413PM,5 - すごくきれい,158 ～ 164,2025年08月,クロス,1300,7.10,ベージュ,AC AW 革
フィアット,パンダ 5D 4WD,2019,６ＭＴ,38,13909,5 - すごくきれい,126 ～ 132,2025年08月,４×４スッコーサ,,,オレンジ,900 AC NV TV AW
フィアット,５００Ｓ 3D 2WD,2014,５ＭＴ,35,31209,4 - きれい,82 ～ 85,2025年08月,ツインエア,,9.2,白,900 AC NV TV AW
フィアット,５００ 3D 2WD,2014,ＡＴ,49,31209,4 - きれい,14 ～ 16,2025年08月,ツインエア ラウンジ,,,白,900 AC AW SR 革
フィアット,５００ 3D 2WD,2021,ＡＴ,44,31212,5 - すごくきれい,110 ～ 114,2025年08月,１．２ ポップ,1200,,白,AC AW SR 革
フィアット,５００ 3D 2WD,2015,ＡＴ,86,31212,3 - 普通,4 ～ 9,2025年08月,１．２ ポップ,1200,,赤,AC
フィアット,５００Ｘ 5D 2WD,2019,ＡＴ,31,33413,-1 - 修復歴あり,78 ～ 83,2025年08月,クロス,1300,8.6,赤,AC AW 革
フィアット,５００Ｓ 3D 2WD,2014,５ＭＴ,98,31209,4 - きれい,9 ～ 14,2025年08月,ツインエア,,,白,900 AC NV TV AW SR
フィアット,５００ 3D 2WD,2010,ＡＴ,61,31214,5 - すごくきれい,7 ～ 10,2025年08月,１．４ スポーツ,1400,,赤,AC NV TV AW 革
フィアット,５００ 2WD,2019,ＡＴ,49,31212,5 - すごくきれい,111 ～ 113,2025年08月,,1200,8.6,緑,AC AW SR 革
フィアット,５００Ｓ 3D 2WD,2013,ＡＴ,101,31209,4 - きれい,14 ～ 17,2025年08月,オートマティカ,,,白,900 AC NV TV AW SR 革
フィアット,５００Ｃ 3D 2WD,2020,ＡＴ,25,31212,4 - きれい,130 ～ 134,2025年08月,１２０ｔｈタキシード,1200,9.7,白,AC NV TV AW SR 革
フィアット,５００ 3D 2WD,2017,ＡＴ,28,31212,5 - すごくきれい,70 ～ 74,2025年08月,１．２ ポップ,1200,8.7,白,AC AW
フィアット,５００ 3D 2WD,2016,ＡＴ,62,31209,5 - すごくきれい,48 ～ 52,2025年08月,ツインエア ラウンジ,,7.10,赤,900 AC NV TV AW SR
フィアット,５００ 3D 2WD,2011,ＡＴ,101,31212,3 - 普通,3 ～ 6,2025年08月,１．２ ポップ,1200,,白,AC
フィアット,５００ 3D 2WD,2020,ＡＴ,14,31212,5 - すごくきれい,152 ～ 155,2025年08月,１．２ ポップ,1200,,緑,AC
フィアット,５００ 3D 2WD,2016,ＡＴ,57,31209,4 - きれい,58 ～ 62,2025年08月,イタリー,,,パール,900 AC NV TV AW SR 革
フィアット,５００Ｘ 5D 2WD,2019,ＡＴ,18,33413,5 - すごくきれい,151 ～ 154,2025年08月,クロス,1300,8.10,ベージュ,AC AW SR 革
フィアット,５００Ｘ 5D 2WD,2018,ＡＴ,30,33414,5 - すごくきれい,90 ～ 96,2025年08月,ポップスター プラス,1400,,ベージュ,AC NV TV AW SR 革
フィアット,５００ 3D 2WD,2022,ＡＴ,43,31209,5 - すごくきれい,130 ～ 133,2025年08月,ツインエア カルト,,,白,900 AC
フィアット,５００Ｘ 5D 2WD,2023,ＡＴ,10,33413PM,5 - すごくきれい,166 ～ 169,2025年08月,クロス,1300,,グレー,AC NV TV AW SR 革
フィアット,５００ 3D 2WD,2021,ＡＴ,28,31212,5 - すごくきれい,132 ～ 137,2025年08月,１．２ ポップ,1200,8.4,白,AC
フィアット,５００Ｃ 3D 2WD,2014,ＡＴ,77,31212,3 - 普通,14 ～ 20,2025年08月,,1200,,白,AC AW
フィアット,５００ 3D 2WD,2019,ＡＴ,41,31212,4 - きれい,51 ～ 55,2025年08月,１．２ ポップ,1200,8.6,赤,AC NV TV 革
フィアット,パンダ 5D 2WD,2023,ＡＴ,13,13909,5 - すごくきれい,119 ～ 122,2025年08月,イージー,,8.2,白,900 AC NV TV AW SR 革
フィアット,５００ 3D 2WD,2014,ＡＴ,69,31209,4 - きれい,31 ～ 35,2025年08月,ツインエア ポップ,,8.1,白,900 AC
フィアット,５００ 3D 2WD,2015,ＡＴ,39,31212,4 - きれい,56 ～ 61,2025年08月,１．２ ポップ,1200,,白,AC
フィアット,パンダ 5D 4WD,2015,６ＭＴ,57,13909,5 - すごくきれい,49 ～ 55,2025年08月,４×４アドベンチャーエディション,,,緑,900 AC AW 革
フィアット,５００Ｘ 5D 2WD,2017,ＡＴ,96,33414,4 - きれい,12 ～ 16,2025年08月,セーフティパッケージ,1400,8.4,青,AC AW SR 革
フィアット,５００Ｘ 5D 2WD,2022,ＡＴ,30,33413PM,5 - すごくきれい,139 ～ 143,2025年08月,ベースグレード,1300,9.3,ベージュ,AC AW
フィアット,５００Ｃ 3D 2WD,2014,ＡＴ,79,31212,3 - 普通,16 ～ 20,2025年08月,,1200,,白,AC AW SR
フィアット,５００ 3D 2WD,2016,ＡＴ,54,31212,5 - すごくきれい,39 ～ 42,2025年08月,１．２ ポップ,1200,,緑,AC NV TV
フィアット,５００Ｘ 2WD,2016,ＡＴ,91,33414,4 - きれい,27 ～ 32,2025年08月,,1400,,白,AC AW 革
フィアット,５００Ｘ 5D 2WD,2019,ＡＴ,37,33413,5 - すごくきれい,124 ～ 127,2025年08月,クロス,1300,9.1,青,AC NV TV AW SR 革
フィアット,５００ 3D 2WD,2017,ＡＴ,68,31212,3 - 普通,50 ～ 53,2025年08月,マーレブル,1200,,青,AC AW SR 革
フィアット,５００ 2WD,2019,ＡＴ,47,31212,5 - すごくきれい,110 ～ 114,2025年08月,,1200,8.7,緑,AC AW SR 革
フィアット,５００ 3D 2WD,2020,ＡＴ,47,31209,5 - すごくきれい,145 ～ 149,2025年08月,ツインエア ラウンジ,,,,900 AC AW SR
フィアット,５００Ｘ 5D 2WD,2021,ＡＴ,24,33413PM,5 - すごくきれい,152 ～ 154,2025年08月,スポーツ,1300,8.9,グレー,AC NV TV AW SR 革
フィアット,５００ 3D 2WD,2023,ＡＴ,5,31209,5 - すごくきれい,255 ～ 259,2025年08月,ツインエア ドルチェヴィータ,,8.2,白,900 AC NV TV AW SR 革
フィアット,５００ 3D 2WD,2014,ＡＴ,33,31212,4 - きれい,31 ～ 36,2025年08月,１．２ ポップ,1200,7.10,白,AC
フィアット,５００Ｃ 3D 2WD,2014,ＡＴ,54,31209,4 - きれい,25 ～ 30,2025年08月,ツインエア ラウンジ,,,赤,900 AC NV TV AW SR 革
フィアット,５００ 3D 2WD,2016,ＡＴ,102,31209,5 - すごくきれい,27 ～ 32,2025年08月,ツインエア ラウンジ,,,黄,900 AC AW
フィアット,パンダ 2WD,2016,ＡＴ,71,13909,4 - きれい,8 ～ 11,2025年08月,,,,白,900 AC AW
フィアット,５００Ｃ 3D 2WD,2016,ＡＴ,79,31212,4 - きれい,29 ～ 33,2025年08月,１．２ ポップ,1200,,白,AC NV TV AW SR 革
フィアット,５００ 2WD,2014,ＡＴ,3,4 - きれい,152 ～ 156,nan,2025年08月,,1200,,青,AC AW SR
フィアット,ニューパンダ 5D 4WD,2005,５ＭＴ,143,16912Q,3 - 普通,15 ～ 18,2025年08月,４×４クライミング,1200,,青,AC 革
フィアット,５００ｅ 3D 2WD,2022,ＡＴ,15,FA1,5 - すごくきれい,207 ～ 211,2025年08月,ライトブルー,,9.4,,000 AC NV TV AW 革
フィアット,パンダ 5D 2WD,2021,ＡＴ,22,13909,5 - すごくきれい,105 ～ 107,2025年08月,イージー,,8.4,青,900 AC AW
フィアット,５００Ｓ 3D 2WD,2014,５ＭＴ,51,31209,5 - すごくきれい,82 ～ 86,2025年08月,ツインエア,,9.5,白,900 AC AW
フィアット,５００ 3D 2WD,2014,ＡＴ,72,31212,4 - きれい,28 ～ 31,2025年08月,１．２ ポップ,1200,7.9,白,AC NV TV
フィアット,５００ｅ 3D 2WD,2023,ＡＴ,8,FA1,5 - すごくきれい,232 ～ 236,2025年08月,アイコン,,8.7,パール,000 AC NV TV AW SR 革
フィアット,パンダ 5D 2WD,2014,ＡＴ,76,13909,4 - きれい,10 ～ 15,2025年08月,アランチャ,,,オレンジ,900 AC AW
フィアット,５００Ｘ 5D 2WD,2016,ＡＴ,26,33414,5 - すごくきれい,76 ～ 80,2025年08月,ポップスター プラス,1400,8.7,ベージュ,AC NV TV AW 革
フィアット,５００ 3D 2WD,2015,ＡＴ,51,31209,5 - すごくきれい,44 ～ 48,2025年08月,ペルラ,,,白,900 AC AW SR
フィアット,５００Ｘ 5D 2WD,2016,ＡＴ,101,33414,-1 - 修復歴あり,20 ～ 24,2025年08月,ポップスター プラス,1400,,,AC NV TV AW SR 革
フィアット,５００Ｘ 5D 2WD,2018,ＡＴ,56,33414,3 - 普通,48 ～ 50,2025年08月,ポップスター,1400,,ベージュ,AC NV TV AW
フィアット,５００ 3D 2WD,2017,ＡＴ,41,31212,3 - 普通,51 ～ 55,2025年08月,１．２ ポップ,1200,8.7,白,AC
フィアット,５００Ｘ 5D 2WD,2022,ＡＴ,7,33413PM,5 - すごくきれい,200 ～ 204,2025年08月,インフィニート,1300,8.12,白,AC NV TV AW SR 革
フィアット,５００Ｘ 5D 2WD,2020,ＡＴ,30,33413PM,5 - すごくきれい,148 ～ 153,2025年08月,クロス,1300,,ベージュ,AC NV TV AW
フィアット,５００ 3D 2WD,2021,ＡＴ,21,31209,5 - すごくきれい,183 ～ 187,2025年08月,ツインエア ポップ,,8.5,白,900 AC
フィアット,パンダ 3D 2WD,1999,ＡＴ,90,141AKA,3 - 普通,65 ～ 71,2025年08月,オートマチックセレクタ,1100,8.6,緑,
フィアット,５００Ｓ 3D 2WD,2014,５ＭＴ,59,31209,5 - すごくきれい,71 ～ 73,2025年08月,ツインエア,,9.2,グレー,900 AC NV TV AW SR 革
フィアット,パンダ 2WD,2016,ＡＴ,69,13909,4 - きれい,6 ～ 12,2025年08月,,,,白,900 AC AW
フィアット,５００Ｃ 3D 2WD,2016,ＡＴ,116,31209,4 - きれい,20 ～ 26,2025年08月,ツインエア ラウンジ,,,白,900 AC AW SR 革
フィアット,５００ 3D 2WD,2012,ＡＴ,59,31209,3 - 普通,6 ～ 8,2025年08月,ツインエア スポーツ,,,黄,900 AC
フィアット,５００Ｘ 5D 2WD,2021,ＡＴ,43,33413PM,5 - すごくきれい,165 ～ 169,2025年08月,グレーＭ,1300,,,AC NV TV AW SR 革
フィアット,５００ 3D 2WD,2012,ＡＴ,86,31209,4 - きれい,8 ～ 12,2025年08月,ツインエア スポーツ,,,黒,900 AC AW 革
フィアット,５００ 2WD,2022,ＡＴ,40,31209,5 - すごくきれい,189 ～ 195,2025年08月,,,8.9,青,900 AC AW SR 革
フィアット,５００ 2WD,2022,ＡＴ,37,31209,5 - すごくきれい,191 ～ 194,2025年08月,,,8.8,青,900 AC NV TV AW SR 革
フィアット,５００ 2WD,2015,ＡＴ,86,31209,4 - きれい,18 ～ 23,2025年08月,,,,黄,900 AC AW SR 革
フィアット,ニューパンダ 5D 2WD,2007,６ＭＴ,36,16914,5 - すごくきれい,52 ～ 57,2025年08月,１００ＨＰ,1400,9.1,青,AC NV TV AW SR 革
フィアット,５００Ｘ 5D 2WD,2021,ＡＴ,54,33413PM,5 - すごくきれい,123 ～ 128,2025年08月,クロス,1300,8.6,ベージュ,AC NV TV AW SR 革
フィアット,５００Ｃ 3D 2WD,2020,ＡＴ,6,31209,5 - すごくきれい,188 ～ 191,2025年08月,ツインエア ラウンジ,,9.4,白,900 AC NV TV AW SR 革
フィアット,ドブロ 5D 2WD,2024,ＡＴ,7,K9FYH01L,5 - すごくきれい,315 ～ 320,2025年08月,マキシ,1500,9.5,白,AC NV TV AW SR 革
フィアット,５００Ｘ 5D 2WD,2021,ＡＴ,28,33413PM,5 - すごくきれい,192 ～ 195,2025年08月,クロス,1300,8.7,ベージュ,AC NV TV AW SR 革
フィアット,５００ 2WD,2014,ＡＴ,2,4 - きれい,150 ～ 156,nan,2025年08月,,1200,,青,AC SR
フィアット,５００ 3D 2WD,2011,ＡＴ,76,31209,3 - 普通,1 ～ 4,2025年08月,ツインエア ポップ,,,白,900 AC
フィアット,パンダ 5D 4WD,2019,６ＭＴ,90,13909,4 - きれい,32 ～ 36,2025年08月,４×４イタリアーナ,,8.4,白,900 AC
フィアット,５００ 3D 2WD,2021,ＡＴ,15,31212,5 - すごくきれい,148 ～ 153,2025年08月,１．２ カルト,1200,8.12,白,AC
フィアット,５００ 3D 2WD,2019,ＡＴ,54,31209,3 - 普通,103 ～ 105,2025年08月,イレジスティービレ,,9.1,ピンク,900 AC NV TV AW SR 革
フィアット,５００ 3D 2WD,2012,ＡＴ,26,31209,4 - きれい,29 ～ 33,2025年08月,ツインエア ラウンジ,,,赤,900 AC NV TV AW SR
フィアット,５００ 2WD,2015,ＡＴ,86,31209,4 - きれい,19 ～ 24,2025年08月,,,,黄,900 AC AW SR 革
フィアット,５００ 2WD,2019,ＡＴ,60,31212,3 - 普通,44 ～ 49,2025年08月,,1200,,オレンジ,AC SR
フィアット,５００Ｓ 3D 2WD,2016,５ＭＴ,55,31209,5 - すごくきれい,79 ～ 82,2025年08月,ツインエア,,7.11,グレー,900 AC AW SR 革
フィアット,５００ 3D 2WD,2015,ＡＴ,47,31212,3 - 普通,30 ～ 34,2025年08月,１．２ ポップ,1200,8.6,白,AC AW
フィアット,５００ 3D 2WD,2018,ＡＴ,91,31212,4 - きれい,35 ～ 40,2025年08月,ミラー,1200,,青,AC AW
フィアット,５００Ｃ 3D 2WD,2016,ＡＴ,69,31212,4 - きれい,35 ～ 39,2025年08月,１．２ ポップ,1200,,白,AC NV TV AW SR
フィアット,５００ 3D 2WD,2016,ＡＴ,67,31209,3 - 普通,32 ～ 35,2025年08月,ツインエア ラウンジ,,,,900 AC NV TV AW
フィアット,５００ 2WD,2014,ＡＴ,74,31209,4 - きれい,7 ～ 9,2025年08月,,,,白,900 AC AW SR
フィアット,５００ 3D 2WD,2011,ＡＴ,126,31209,4 - きれい,2 ～ 6,2025年08月,ツインエア ポップ,,8.6,,900 AC
フィアット,５００ 3D 2WD,2012,５ＭＴ,91,31212,5 - すごくきれい,10 ～ 15,2025年08月,１．２ スポーツ,1200,8.12,白,AC
フィアット,５００ 3D 2WD,2010,ＡＴ,45,31212,4 - きれい,15 ～ 17,2025年08月,ライトブルー,1200,,,AC AW SR
フィアット,５００Ｃ 3D 2WD,2012,ＡＴ,133,31209,3 - 普通,3 ～ 7,2025年08月,ヴォラーレ,,,青,900 AC NV TV AW SR 革
フィアット,５００ 3D 2WD,2010,ＡＴ,95,31212,3 - 普通,2 ～ 7,2025年08月,１．２ ８Ｖ ラウンジ,1200,9.3,パール,AC SR
フィアット,５００ 3D 2WD,2014,ＡＴ,131,31212,4 - きれい,1 ～ 7,2025年08月,１．２ スーパーポップ３,1200,8.1,白,AC
フィアット,５００ 2WD,2009,ＡＴ,79,31212,4 - きれい,0 ～ 5,2025年08月,,1200,,青,AC NV TV AW SR
フィアット,５００Ｃ 3D 2WD,2015,ＡＴ,32,31212,5 - すごくきれい,62 ～ 67,2025年08月,ジャッラ,1200,8.7,黄,AC NV TV AW SR 革
フィアット,ニューパンダ 5D 2WD,2010,ＡＴ,111,16912,3 - 普通,3 ～ 5,2025年08月,ベースグレード,1200,,赤,AC
フィアット,５００Ｘ 5D 2WD,2024,ＡＴ,6,33413PM,5 - すごくきれい,222 ～ 226,2025年08月,クラブ,1300,9.4,グレー,AC NV TV AW SR 革
フィアット,５００ 2WD,2009,ＡＴ,80,31212,4 - きれい,1 ～ 3,2025年08月,,1200,,青,AC AW SR
フィアット,５００Ｃ 3D 2WD,2021,ＡＴ,78,31212,5 - すごくきれい,89 ～ 94,2025年08月,ミモザ２,1200,8.4,黄,AC AW SR 革
フィアット,５００ 3D 2WD,2018,ＡＴ,91,31212,4 - きれい,34 ～ 37,2025年08月,アニベルサリオ,1200,8.1,オレンジ,AC NV TV SR
フィアット,５００ 2WD,2015,ＡＴ,73,31212,3 - 普通,8 ～ 12,2025年08月,,1200,7.12,ベージュ,AC
フィアット,パンダ 5D 2WD,2015,ＡＴ,30,13909,3 - 普通,7 ～ 10,2025年08月,イージー,,8.7,白,900 AC AW
フィアット,５００ 3D 2WD,2010,ＡＴ,73,31212,3 - 普通,6 ～ 9,2025年08月,１．２ ポップ,1200,8.5,青,AC
フィアット,５００ 3D 2WD,2019,ＡＴ,26,31212,4 - きれい,87 ～ 92,2025年08月,トロピカーレ,1200,8.7,赤,AC AW SR
フィアット,５００Ｓ 3D 2WD,2015,５ＭＴ,99,31209,3 - 普通,10 ～ 13,2025年08月,ツインエア,,9.1,赤,900 AC NV TV AW SR 革
フィアット,５００ 2WD,2019,ＡＴ,64,31212,3 - 普通,45 ～ 49,2025年08月,,1200,,オレンジ,AC AW SR 革
フィアット,５００ 3D 2WD,2011,５ＭＴ,42,31212,5 - すごくきれい,36 ～ 42,2025年08月,１．２ スポーツ,1200,8.10,白,AC NV TV AW
フィアット,５００ 2WD,2014,ＡＴ,78,31209,4 - きれい,7 ～ 11,2025年08月,,,,白,900 AC AW SR
フィアット,５００ 3D 2WD,2022,ＡＴ,3,31212,5 - すごくきれい,199 ～ 203,2025年08月,１．２ ドルチェ,1200,,白,AC AW SR 革
フィアット,５００Ｘ 5D 2WD,2021,ＡＴ,21,33413PM,5 - すごくきれい,174 ～ 179,2025年08月,クロス,1300,8.9,ベージュ,AC NV TV AW 革
フィアット,５００ 3D 2WD,2012,ＡＴ,45,31209,4 - きれい,10 ～ 15,2025年08月,ツインエア ポップ,,,青,900 AC
フィアット,５００ 3D 2WD,2012,ＡＴ,97,31212,4 - きれい,3 ～ 6,2025年08月,１．２ ポップ,1200,,グレー,AC
フィアット,バルケッタ 2WD,1997,５ＭＴ,57,183A1,4 - きれい,40 ～ 45,2025年08月,,1800,,黄,AC NV TV AW SR 革
フィアット,５００Ｘ 5D 2WD,2016,ＡＴ,103,33414,4 - きれい,10 ～ 13,2025年08月,ポップスター プラス,1400,,ベージュ,AC 革
フィアット,５００ 3D 2WD,2008,ＡＴ,30,31214,4 - きれい,6 ～ 11,2025年08月,１．４ １６Ｖ ラウンジ,1400,8.11,黒,AC AW SR 革
フィアット,５００ 3D 2WD,2010,ＡＴ,77,31214,3 - 普通,3 ～ 6,2025年08月,１．４ １６Ｖ ラウンジ,1400,,白,AC NV TV SR
フィアット,パンダ 5D 2WD,2013,ＡＴ,66,13909,5 - すごくきれい,15 ～ 18,2025年08月,イージー,,9.2,赤,900 AC
フィアット,５００Ｘ 5D 4WD,2018,ＡＴ,24,33414,5 - すごくきれい,128 ～ 132,2025年08月,クロス プラス,1400,,白,AC AW 革
フィアット,５００ 2WD,2021,ＡＴ,19,31212,4 - きれい,147 ～ 151,2025年08月,ライトブルー,1200,8.2,,AC AW
フィアット,ニューパンダ 5D 2WD,2008,ＡＴ,136,16912,-1 - 修復歴あり,4 ～ 6,2025年08月,ライトブルー,1200,,,AC SR
フィアット,５００Ｘ 5D 2WD,2016,ＡＴ,81,33414,2 - 修復必要,12 ～ 18,2025年08月,ポップスター,1400,,白,AC AW
フィアット,パンダ 2WD,2017,ＡＴ,82,13909,3 - 普通,7 ～ 11,2025年08月,,,,ベージュ,900 AC AW
フィアット,ニューパンダ 5D 2WD,2009,ＡＴ,89,16912,3 - 普通,1 ～ 5,2025年08月,Ｍａｘｉ,1200,7.10,オレンジ,AC AW SR
フィアット,５００ 3D 2WD,2017,ＡＴ,69,31212,5 - すごくきれい,38 ～ 40,2025年08月,ナビゲーションパッケージ,1200,8.11,白,AC NV TV AW
フィアット,５００ 3D 2WD,2009,ＡＴ,89,31214,4 - きれい,14 ～ 18,2025年08月,バイ ディーゼル,1400,8.12,グレー,AC AW SR
フィアット,５００ 3D 2WD,2015,ＡＴ,27,31212,3 - 普通,23 ～ 26,2025年08月,スーパーポップ トポ,1200,8.9,,AC AW 革
フィアット,５００ 3D 2WD,2020,ＡＴ,57,31209,5 - すごくきれい,109 ～ 112,2025年08月,ツインエア ポップ,,8.2,白,900 AC NV TV
フィアット,５００ 2WD,2016,ＡＴ,51,31212,5 - すごくきれい,69 ～ 75,2025年08月,,1200,8.3,白,AC NV TV
フィアット,５００Ｘ 5D 2WD,2016,ＡＴ,135,33414,3 - 普通,17 ～ 21,2025年08月,ポップスター プラス,1400,,赤,AC AW 革
フィアット,５００ 3D 2WD,2016,ＡＴ,58,31212,3 - 普通,25 ～ 29,2025年08月,１．２ ポップ,1200,8.2,緑,AC
フィアット,パンダ 5D 2WD,2020,ＡＴ,58,13909,4 - きれい,47 ～ 51,2025年08月,イージー,,,グレー,900 AC NV TV AW
フィアット,５００Ｓ 3D 2WD,2014,５ＭＴ,33,31209,5 - すごくきれい,103 ～ 105,2025年08月,ツインエア,,9.9,グレー,900 AC NV TV AW SR 革
フィアット,５００ 3D 2WD,2017,ＡＴ,28,31209,5 - すごくきれい,88 ～ 91,2025年08月,ツインエア ポップ,,8.6,緑,900 AC
フィアット,５００ 2WD,2014,ＡＴ,89,31209,4 - きれい,19 ～ 23,2025年08月,,,7.11,白,900 AC NV TV AW SR
フィアット,５００ｅ 3D 2WD,2024,ＡＴ,4,FA1,5 - すごくきれい,219 ～ 223,2025年08月,アイコン,,8.12,緑,000 AC NV TV AW SR 革
フィアット,５００ 3D 2WD,2017,ＡＴ,51,31212,4 - きれい,30 ～ 34,2025年08月,１．２ ポップ,1200,8.4,赤,AC AW
フィアット,パンダ 5D 2WD,2017,ＡＴ,32,13909,5 - すごくきれい,29 ～ 32,2025年08月,イージー,,8.3,青,900 AC AW
フィアット,５００Ｘ 5D 4WD,2017,ＡＴ,87,33414,4 - きれい,30 ～ 32,2025年08月,ラウンジ,1400,8.10,ベージュ,AC AW 革
フィアット,５００ 2WD,2019,ＡＴ,57,31212,5 - すごくきれい,72 ～ 76,2025年08月,,1200,9.1,緑,AC AW
フィアット,５００Ｘ 5D 2WD,2020,ＡＴ,27,33413PM,5 - すごくきれい,160 ～ 164,2025年08月,クロス,1300,8.2,ベージュ,AC AW 革
フィアット,５００ 3D 2WD,2016,ＡＴ,29,31209,3 - 普通,21 ～ 24,2025年08月,ツインエア ポップ,,,赤,900 AC AW SR
フィアット,５００Ｘ 5D 2WD,2024,ＡＴ,2,33413PM,5 - すごくきれい,208 ～ 211,2025年08月,ブレッザ,1300,9.12,白,AC AW
フィアット,５００ 3D 2WD,2017,ＡＴ,21,31212,5 - すごくきれい,80 ～ 82,2025年08月,１．２ ポップ,1200,8.7,白,AC
フィアット,５００ 3D 2WD,2023,ＡＴ,2,31209,5 - すごくきれい,180 ～ 185,2025年08月,ツインエア カルト,,,グレー,900 AC AW SR 革
フィアット,５００ 3D 2WD,2015,ＡＴ,80,31209,3 - 普通,6 ～ 10,2025年08月,ツインエア ポップ,,,赤,900 AC NV TV SR
フィアット,５００ 3D 2WD,2018,ＡＴ,33,31212,5 - すごくきれい,87 ～ 91,2025年08月,１．２ ポップ,1200,9.5,白,AC NV TV AW
フィアット,５００ 3D 2WD,2021,ＡＴ,13,31212,5 - すごくきれい,138 ～ 143,2025年08月,１．２ ポップ,1200,8.1,白,AC NV TV
フィアット,５００Ｘ 5D 2WD,2016,ＡＴ,37,33414,5 - すごくきれい,61 ～ 66,2025年08月,ポップスター プラス,1400,,ベージュ,AC AW 革
フィアット,５００ 3D 2WD,2012,ＡＴ,115,31212,4 - きれい,24 ～ 26,2025年08月,バイ グッチ,1200,8.10,黒,AC NV TV AW SR 革
フィアット,５００Ｘ 5D 2WD,2019,ＡＴ,34,33413,3 - 普通,70 ～ 74,2025年08月,クロス,1300,8.8,赤,AC AW 革
フィアット,５００ 3D 2WD,2016,ＡＴ,76,31209,5 - すごくきれい,47 ～ 49,2025年08月,ツインエア ラウンジ,,,,900 AC NV TV AW SR 革
フィアット,５００ 3D 2WD,2021,ＡＴ,41,31212,4 - きれい,128 ～ 133,2025年08月,１．２ カルト,1200,8.7,白,AC NV TV AW SR
フィアット,パンダ 5D 2WD,2017,ＡＴ,37,13909,4 - きれい,43 ～ 48,2025年08月,イージー,,8.7,ベージュ,900 AC AW
フィアット,５００ 3D 2WD,2023,ＡＴ,20,31209,5 - すごくきれい,219 ～ 224,2025年08月,ツインエア ドルチェヴィータ,,8.9,白,900 AC NV TV AW SR 革
フィアット,５００Ｘ 5D 2WD,2022,ＡＴ,44,33413PM,5 - すごくきれい,161 ～ 166,2025年08月,インフィニート,1300,,白,AC NV TV AW 革
フィアット,５００ 2WD,2018,ＡＴ,28,31212,4 - きれい,65 ～ 70,2025年08月,,1200,,白,AC AW SR 革
フィアット,５００ 3D 2WD,2017,ＡＴ,29,31212,5 - すごくきれい,70 ～ 75,2025年08月,１．２ ポップ,1200,,白,AC NV TV AW SR 革
フィアット,５００Ｃ 3D 2WD,2012,ＡＴ,84,31212,4 - きれい,16 ～ 19,2025年08月,バイ グッチ,1200,,黒,AC NV TV AW SR 革
フィアット,５００ 3D 2WD,2014,ＡＴ,72,31209,3 - 普通,7 ～ 12,2025年08月,ツインエア ポップ,,7.8,白,900 AC AW
フィアット,５００ 3D 2WD,2012,ＡＴ,107,31209,4 - きれい,4 ～ 9,2025年08月,ツインエア ラウンジ,,9.6,白,900 AC SR
フィアット,パンダ 2WD,2018,６ＭＴ,131,13909,4 - きれい,19 ～ 23,2025年08月,,,,緑,900 AC AW
フィアット,５００ 2WD,2018,ＡＴ,79,31212,3 - 普通,10 ～ 14,2025年08月,,1200,9.3,赤,AC AW SR
フィアット,５００ 3D 2WD,2014,ＡＴ,139,31212,4 - きれい,3 ～ 5,2025年08月,１．２ ポップ,1200,,白,AC
フィアット,５００Ｃ 3D 2WD,2017,ＡＴ,74,31209,5 - すごくきれい,38 ～ 44,2025年08月,ツインエア ラウンジ,,8.12,白,900 AC NV TV AW
フィアット,５００Ｃ 2WD,2016,ＡＴ,97,31212,3 - 普通,5 ～ 10,2025年08月,,1200,,赤,AC AW
フィアット,５００Ｓ 3D 2WD,2013,５ＭＴ,75,31209,3 - 普通,29 ～ 32,2025年08月,ツインエア,,,グレー,900 AC AW SR 革
フィアット,５００ 3D 2WD,2018,ＡＴ,53,31209,4 - きれい,37 ～ 43,2025年08月,ツインエア ラウンジ,,9.5,赤,900 AC NV TV AW SR
フィアット,パンダ 5D 2WD,2019,ＡＴ,18,13909,4 - きれい,37 ～ 41,2025年08月,イージー,,8.6,赤,900 AC AW
フィアット,５００ 3D 2WD,2015,ＡＴ,29,31209,4 - きれい,31 ～ 35,2025年08月,ツインエア ポップ,,,赤,900 AC
フィアット,５００ 3D 2WD,2020,ＡＴ,22,31209,5 - すごくきれい,149 ～ 155,2025年08月,ツインエア ポップ,,,白,900 AC AW
フィアット,５００ 3D 2WD,2019,ＡＴ,0,31209,5 - すごくきれい,181 ～ 185,2025年08月,ユニセックス,,8.1,ワイン,900 AC NV TV AW SR 革
フィアット,５００Ｘ 5D 2WD,2020,ＡＴ,26,33413PM,5 - すごくきれい,158 ～ 162,2025年08月,クロス,1300,,ベージュ,AC AW 革
フィアット,５００ 3D 2WD,2023,ＡＴ,18,31209,5 - すごくきれい,237 ～ 240,2025年08月,ツインエア ドルチェヴィータ,,8.5,白,900 AC AW SR
フィアット,５００Ｓ 3D 2WD,2013,５ＭＴ,180,31209,3 - 普通,2 ～ 6,2025年08月,ツインエア,,,グレー,900 AC NV TV AW SR
フィアット,５００ｅ 3D 2WD,2022,ＡＴ,3,FA1,5 - すごくきれい,216 ～ 220,2025年08月,オープン,,,グレー,000 AC NV TV AW SR 革
フィアット,パンダ 5D 2WD,2018,ＡＴ,47,13909,4 - きれい,27 ～ 31,2025年08月,イージー,,,白,900 AC AW
フィアット,５００ 3D 2WD,2018,ＡＴ,34,31212,4 - きれい,83 ～ 87,2025年08月,１．２ ポップ,1200,7.7,緑,AC
フィアット,５００ 3D 2WD,2021,ＡＴ,15,31209,5 - すごくきれい,207 ～ 209,2025年08月,ツインエア ドルチェヴィータ,,9.3,白,900 AC NV TV AW SR
フィアット,パンダ 5D 2WD,2014,ＡＴ,38,13909,4 - きれい,10 ～ 15,2025年08月,イージー,,,青,900 AC
フィアット,パンダ 5D 2WD,2013,ＡＴ,87,13909,4 - きれい,8 ～ 11,2025年08月,イージー,,,白,900 AC AW
フィアット,５００ 2WD,2013,ＡＴ,33,31212,4 - きれい,10 ～ 13,2025年08月,,1200,,白,AC NV TV AW
フィアット,５００Ｃ 3D 2WD,2022,ＡＴ,12,31209,5 - すごくきれい,210 ～ 214,2025年08月,ツインエア ドルチェヴィータ,,,白,900 AC NV TV
フィアット,５００ 2WD,2010,５ＭＴ,44,31214,4 - きれい,61 ～ 63,2025年08月,,1400,9.7,黒,AC SR
フィアット,パンダ 5D 2WD,2020,ＡＴ,16,13909,5 - すごくきれい,118 ～ 123,2025年08月,コンフォート,,9.4,グレー,900 AC NV TV AW
フィアット,５００ 3D 2WD,2019,ＡＴ,18,31212,5 - すごくきれい,135 ～ 137,2025年08月,アニベルサリオ,1200,,オレンジ,AC AW SR
フィアット,５００ 3D 2WD,2016,ＡＴ,67,31212,4 - きれい,42 ～ 46,2025年08月,１．２ ポップ,1200,9.8,白,AC
フィアット,５００ 3D 2WD,2017,ＡＴ,69,31212,3 - 普通,27 ～ 32,2025年08月,マーレブル,1200,8.1,青,AC AW 革
フィアット,５００Ｘ 5D 2WD,2016,ＡＴ,43,33414,5 - すごくきれい,58 ～ 61,2025年08月,ポップスター プラス,1400,,,AC NV TV AW 革
フィアット,５００Ｘ 5D 2WD,2018,ＡＴ,80,33414,5 - すごくきれい,46 ～ 51,2025年08月,ポップスター プラス,1400,,白,AC AW 革
フィアット,パンダ 5D 2WD,2022,ＡＴ,14,13909,5 - すごくきれい,99 ～ 104,2025年08月,イージー,,8.2,赤,900 AC
フィアット,５００ 2WD,2012,ＡＴ,84,31209,3 - 普通,4 ～ 8,2025年08月,,,,赤,900 AC
フィアット,５００Ｘ 5D 2WD,2025,ＡＴ,0,33413PM,5 - すごくきれい,230 ～ 234,2025年08月,クラブ,1300,9.11,白,AC NV TV AW
フィアット,５００ 3D 2WD,2010,ＡＴ,59,31214,4 - きれい,4 ～ 10,2025年08月,１．４ スポーツ,1400,,赤,AC NV TV SR 革
フィアット,５００ 3D 2WD,2010,ＡＴ,78,31212,4 - きれい,4 ～ 7,2025年08月,１．２ ポップ,1200,,白,AC AW SR
フィアット,５００ 3D 2WD,2018,ＡＴ,30,31209,5 - すごくきれい,137 ～ 142,2025年08月,ツインエア ラウンジ,,8.10,白,900 AC NV TV AW SR
フィアット,５００Ｘ 5D 2WD,2019,ＡＴ,112,33413,4 - きれい,30 ～ 35,2025年08月,クロス,1300,,ベージュ,AC AW
フィアット,５００ 3D 2WD,2012,ＡＴ,21,31212,5 - すごくきれい,27 ～ 30,2025年08月,１．２ ポップ,1200,,赤,AC NV TV AW SR 革
フィアット,プント 5D 2WD,2012,ＡＴ,44,199144,3 - 普通,5 ～ 9,2025年08月,ラウンジ,1400,,緑,AC AW 革
フィアット,５００ 3D 2WD,2021,ＡＴ,13,31212,5 - すごくきれい,160 ～ 166,2025年08月,１．２ ポップ,1200,7.10,赤,AC
フィアット,５００Ｘ 5D 2WD,2016,ＡＴ,29,33414,5 - すごくきれい,72 ～ 75,2025年08月,ポップスター プラス,1400,8.2,,AC AW 革
フィアット,５００Ｃ 3D 2WD,2021,ＡＴ,17,31212,5 - すごくきれい,212 ～ 214,2025年08月,１．２ ポップ,1200,8.8,白,AC NV TV AW SR 革
フィアット,プント 5D 2WD,2010,ＡＴ,28,199144,3 - 普通,8 ～ 10,2025年08月,,1400,,パール,AC AW
フィアット,５００ 2WD,2009,ＡＴ,60,31212,4 - きれい,19 ～ 24,2025年08月,,1200,,黄,AC NV TV AW 革
フィアット,５００Ｃ 3D 2WD,2015,ＡＴ,157,31212,3 - 普通,5 ～ 10,2025年08月,メントルザータ,1200,,緑,AC NV TV AW SR 革
フィアット,プント 5D 2WD,2013,ＡＴ,33,199144,3 - 普通,10 ～ 14,2025年08月,ラウンジ,1400,,青,AC NV TV AW SR 革
フィアット,５００ 2WD,2008,ＡＴ,77,31212,4 - きれい,12 ～ 16,2025年08月,,1200,,白,AC AW SR 革
フィアット,５００ 2WD,2008,ＡＴ,121,31214,3 - 普通,3 ～ 8,2025年08月,,1400,,白,AC AW SR
フィアット,５００ 3D 2WD,2011,ＡＴ,81,31209,4 - きれい,1 ～ 7,2025年08月,ツインエア ラウンジ,,,白,900 AC AW
フィアット,デュカト 2WD,2013,ＡＴ,47,5 - すごくきれい,398 ～ 403,nan,2025年08月,,2200,8.8,白,AC NV TV AW SR 革
フィアット,５００Ｃ 3D 2WD,2013,ＡＴ,18,31212,4 - きれい,29 ～ 31,2025年08月,１．２ ポップ,1200,9.1,赤,AC NV TV AW SR 革
フィアット,５００ 2WD,2011,ＡＴ,92,31212,4 - きれい,9 ～ 12,2025年08月,,1200,8.7,白,AC
フィアット,５００Ｃ 3D 2WD,2013,ＡＴ,16,31212,4 - きれい,31 ～ 37,2025年08月,１．２ ポップ,1200,8.3,白,AC AW SR 革
フィアット,５００Ｃ 3D 2WD,2014,ＡＴ,45,31209,-1 - 修復歴あり,67 ～ 70,2025年08月,パンナ,,9.4,ベージュ,900 AC NV TV AW 革
フィアット,５００ 3D 2WD,2014,ＡＴ,40,31212,4 - きれい,32 ～ 36,2025年08月,１．２ スーパーポップ バースデイエディション,1200,,白,AC AW SR
フィアット,５００ 3D 2WD,2014,ＡＴ,91,31212,3 - 普通,2 ～ 5,2025年08月,１．２ ポップ,1200,,白,AC NV TV
フィアット,パンダ 2WD,1999,ＡＴ,97,141AKA,-1 - 修復歴あり,18 ～ 22,2025年08月,,1100,8.10,青,AC
フィアット,５００Ｓ 3D 2WD,2014,５ＭＴ,80,31209,4 - きれい,40 ～ 42,2025年08月,ツインエア,,8.2,白,900 AC NV TV AW SR 革
フィアット,５００Ｘ 5D 4WD,2018,ＡＴ,56,33414,5 - すごくきれい,128 ～ 130,2025年08月,クロス プラス,1400,7.9,ベージュ,AC AW 革
フィアット,５００ 3D 2WD,2018,ＡＴ,87,31212,4 - きれい,31 ～ 37,2025年08月,アッラモーダ,1200,,白,AC NV TV AW SR 革
フィアット,５００ 2WD,2021,ＡＴ,82,31212,4 - きれい,51 ～ 54,2025年08月,,1200,8.10,緑,AC AW SR 革
フィアット,５００ 3D 2WD,2016,ＡＴ,100,31212,4 - きれい,17 ～ 23,2025年08月,コラーロ,1200,,赤,AC NV TV AW SR
フィアット,パンダ 2WD,2016,ＡＴ,92,13909,3 - 普通,16 ～ 19,2025年08月,,,8.11,白,900 AC
フィアット,５００ 3D 2WD,2013,ＡＴ,121,31209,4 - きれい,0 ～ 4,2025年08月,ツインエア スポーツ,,,白,900 AC AW
フィアット,５００ 3D 2WD,2012,ＡＴ,99,31212,3 - 普通,4 ～ 9,2025年08月,１．２ ポップ,1200,,グレー,AC AW SR 革
フィアット,パンダ 2WD,2018,ＡＴ,63,13909,4 - きれい,21 ～ 23,2025年08月,,,,グレー,900 AC AW
フィアット,プント 5D 2WD,2012,ＡＴ,92,199144,3 - 普通,1 ～ 5,2025年08月,ラウンジ,1400,,青,AC AW
フィアット,５００ 3D 2WD,2015,ＡＴ,38,31209,4 - きれい,20 ～ 23,2025年08月,ツインエア ポップ,,,白,900 AC NV TV
フィアット,５００ 3D 2WD,2012,ＡＴ,125,31209,3 - 普通,1 ～ 6,2025年08月,ツインエア ラウンジ,,,白,900 AC NV TV AW SR
フィアット,パンダ 5D 2WD,2016,ＡＴ,42,13909,4 - きれい,3 ～ 8,2025年08月,イージー,,,オレンジ,900 AC AW
フィアット,５００Ｘ 2WD,2020,ＡＴ,62,4 - きれい,95 ～ 100,nan,2025年08月,,1300,,黒,AC AW SR 革
フィアット,５００ 2WD,2008,ＡＴ,116,31214,3 - 普通,0 ～ 6,2025年08月,ライトブルー,1400,,,AC NV TV AW SR 革
フィアット,５００ 3D 2WD,2017,ＡＴ,38,31212,4 - きれい,58 ～ 61,2025年08月,１．２ ポップ,1200,,緑,AC NV TV AW SR 革
フィアット,５００ 3D 2WD,2019,ＡＴ,103,31209,5 - すごくきれい,35 ～ 39,2025年08月,ツインエア ポップ,,,白,900 AC NV TV AW
フィアット,５００ 3D 2WD,2020,ＡＴ,42,31209,5 - すごくきれい,114 ～ 119,2025年08月,ツインエア ポップ,,7.10,白,900 AC AW
フィアット,５００ 3D 2WD,2010,ＡＴ,94,31214,4 - きれい,3 ～ 6,2025年08月,１．４ １６Ｖ ラウンジ,1400,,白,AC NV TV AW SR
フィアット,５００Ｃ 3D 2WD,2019,ＡＴ,37,31212,4 - きれい,128 ～ 131,2025年08月,コレッツィオーネ,1200,,ワイン,AC NV TV AW SR
フィアット,５００ 3D 2WD,2011,ＡＴ,42,31212,4 - きれい,6 ～ 8,2025年08月,１．２ ポップ,1200,,,AC AW
フィアット,５００Ｃ 3D 2WD,2021,ＡＴ,19,31212,5 - すごくきれい,157 ～ 160,2025年08月,１．２ カルト,1200,9.2,白,AC AW
フィアット,５００ 3D 2WD,2014,ＡＴ,59,31209,4 - きれい,7 ～ 10,2025年08月,ツインエア ポップ,,,赤,900 AC NV TV AW
フィアット,５００Ｓ 3D 2WD,2018,５ＭＴ,50,31209,-1 - 修復歴あり,57 ～ 61,2025年08月,プラス,,,青,900 AC NV TV AW SR 革
フィアット,５００ 3D 2WD,2015,ＡＴ,59,31212,4 - きれい,24 ～ 29,2025年08月,１．２ ポップ,1200,8.4,白,AC
フィアット,５００Ｃ 3D 2WD,2021,ＡＴ,78,31212,5 - すごくきれい,63 ～ 68,2025年08月,ミモザ２,1200,8.6,黄,AC NV TV AW SR
フィアット,５００ 3D 2WD,2012,ＡＴ,94,31209,3 - 普通,10 ～ 14,2025年08月,ツインエア ラウンジ,,9.3,,900 AC AW SR 革
フィアット,ニューパンダ 5D 2WD,2010,ＡＴ,98,16912,3 - 普通,4 ～ 8,2025年08月,ライトブルー,1200,,,AC
フィアット,バルケッタ 2WD,2000,５ＭＴ,44,183A1,3 - 普通,46 ～ 50,2025年08月,,1800,,黄,AC 革
フィアット,５００Ｃ 2WD,2011,ＡＴ,67,31212,4 - きれい,7 ～ 12,2025年08月,ライトブルー,1200,,,AC NV TV AW SR 革
フィアット,５００ 2WD,2009,ＡＴ,83,31212,3 - 普通,3 ～ 7,2025年08月,,1200,,赤,AC SR
フィアット,５００ 3D 2WD,2018,ＡＴ,20,31212,5 - すごくきれい,105 ～ 108,2025年08月,１．２ ポップ,1200,,赤,AC NV TV AW SR
フィアット,５００Ｘ 5D 2WD,2016,ＡＴ,107,33414,3 - 普通,9 ～ 13,2025年08月,ポップスター プラス,1400,,緑,AC
フィアット,５００ 3D 2WD,2019,ＡＴ,52,31212,4 - きれい,45 ～ 49,2025年08月,１．２ ポップ,1200,,白,AC NV TV AW SR 革
フィアット,５００ 3D 2WD,2021,ＡＴ,15,31212,5 - すごくきれい,149 ～ 152,2025年08月,１．２ カルト,1200,9.5,白,AC AW SR
フィアット,５００ 3D 2WD,2016,ＡＴ,95,31212,5 - すごくきれい,28 ～ 31,2025年08月,１．２ ポップ,1200,9.7,,AC
フィアット,５００Ｘ 5D 2WD,2021,ＡＴ,17,33413PM,5 - すごくきれい,155 ～ 160,2025年08月,クロス,1300,8.9,赤,AC AW 革
フィアット,５００ 2WD,2020,ＡＴ,61,31212,5 - すごくきれい,82 ～ 88,2025年08月,,1200,9.4,白,AC NV TV AW SR
フィアット,５００ 3D 2WD,2021,ＡＴ,15,31212,5 - すごくきれい,150 ～ 156,2025年08月,１．２ カルト,1200,8.6,白,AC NV TV AW SR 革
フィアット,５００ 2WD,2012,５ＭＴ,65,31212,4 - きれい,38 ～ 42,2025年08月,,1200,,白,AC AW 革
フィアット,５００ 3D 2WD,2021,ＡＴ,21,31212,5 - すごくきれい,171 ～ 175,2025年08月,ミモザ２,1200,8.3,黄,AC NV TV AW SR
フィアット,５００Ｘ 5D 2WD,2020,ＡＴ,48,33413PM,5 - すごくきれい,106 ～ 111,2025年08月,クロス,1300,,グレー,AC AW 革
フィアット,パンダ 3D 2WD,1994,５ＭＴ,158,F141B3,3 - 普通,20 ～ 24,2025年08月,ＣＬＸ,1100,,赤,AC
フィアット,５００Ｘ 5D 2WD,2015,ＡＴ,117,33414,3 - 普通,7 ～ 10,2025年08月,ポップスター プラス,1400,8.9,赤,AC NV TV AW
フィアット,５００ 3D 2WD,2016,ＡＴ,45,31212,5 - すごくきれい,57 ～ 61,2025年08月,１．２ ポップ,1200,,,AC AW SR
フィアット,パンダ 5D 2WD,2018,ＡＴ,44,13909,4 - きれい,15 ～ 19,2025年08月,イージー,,,赤,900 AC AW
フィアット,５００ 2WD,2008,ＡＴ,72,31212,3 - 普通,3 ～ 5,2025年08月,,1200,,白,AC
フィアット,パンダ 2WD,2016,６ＭＴ,162,13909,3 - 普通,18 ～ 22,2025年08月,ライトブルー,,8.10,,900 AC
フィアット,５００ 2WD,2013,ＡＴ,15,31209,5 - すごくきれい,23 ～ 28,2025年08月,,,8.3,白,900 AC AW SR
フィアット,デュカト 2WD,2007,６ＭＴ,89,4 - きれい,248 ～ 253,nan,2025年08月,紺II,2200,8.4,,AC NV TV AW 革
フィアット,５００ 3D 2WD,2016,ＡＴ,26,31212,4 - きれい,42 ～ 45,2025年08月,１．２ ポップ,1200,,赤,AC NV TV AW SR
フィアット,５００ 3D 2WD,2019,ＡＴ,76,31209,3 - 普通,11 ～ 14,2025年08月,ツインエア ラウンジ,,,白,900 AC AW
フィアット,５００Ｓ 3D 2WD,2013,５ＭＴ,180,31209,3 - 普通,2 ～ 7,2025年08月,ツインエア,,,グレー,900 AC NV TV AW SR 革
フィアット,５００Ｘ 5D 2WD,2021,ＡＴ,32,33413PM,5 - すごくきれい,162 ～ 165,2025年08月,クロス,1300,8.8,ベージュ,AC AW 革
フィアット,５００ 3D 2WD,2023,ＡＴ,12,31209,5 - すごくきれい,217 ～ 221,2025年08月,ツインエア カルト,,8.9,白,900 AC
フィアット,５００ 3D 2WD,2022,ＡＴ,9,31209,5 - すごくきれい,169 ～ 175,2025年08月,ツインエア カルト,,8.3,オレンジ,900 AC
フィアット,５００Ｘ 5D 2WD,2018,ＡＴ,21,33414,5 - すごくきれい,82 ～ 88,2025年08月,ポップスター プラス,1400,,グレー,AC AW
フィアット,５００ 3D 2WD,2017,ＡＴ,93,31209,4 - きれい,20 ～ 25,2025年08月,ツインエア ポップ,,8.10,,900 AC SR
フィアット,５００ 2WD,2012,５ＭＴ,132,31209,3 - 普通,4 ～ 8,2025年08月,,,,黄,900 AC
フィアット,５００ 3D 2WD,2021,ＡＴ,4,31212,5 - すごくきれい,187 ～ 191,2025年08月,１．２ ポップ,1200,8.9,緑,AC NV TV AW
フィアット,５００Ｘ 5D 2WD,2016,ＡＴ,66,33414,3 - 普通,26 ～ 28,2025年08月,ポップスター プラス,1400,,青,AC AW 革
フィアット,５００Ｘ 5D 2WD,2016,ＡＴ,25,33414,5 - すごくきれい,61 ～ 67,2025年08月,ポップスター,1400,9.5,白,AC AW
フィアット,５００Ｘ 5D 2WD,2020,ＡＴ,20,33413PM,4 - きれい,133 ～ 137,2025年08月,クロス,1300,,ベージュ,AC AW 革
フィアット,デュカト 2WD,2021,ＡＴ,16,5 - すごくきれい,655 ～ 658,nan,2025年08月,,2200,8.7,白,AC NV TV AW SR 革
フィアット,ニューバルケッタ オープン 2WD,2005,５ＭＴ,41,18318,4 - きれい,74 ～ 77,2025年08月,ベースグレード,1800,9.2,赤,AC NV TV AW SR 革
フィアット,５００ 3D 2WD,2012,ＡＴ,60,31209,4 - きれい,17 ～ 20,2025年08月,ツインエア ポップ,,,青,900 AC NV TV
フィアット,パンダ 5D 2WD,2016,ＡＴ,45,13909,5 - すごくきれい,21 ～ 25,2025年08月,イージー,,,ベージュ,900 AC
フィアット,５００ 3D 2WD,2018,ＡＴ,47,31209,-1 - 修復歴あり,37 ～ 42,2025年08月,ツインエア ポップ,,,白,900 AC NV TV SR 革
フィアット,５００ 3D 2WD,2022,ＡＴ,0,31212,5 - すごくきれい,196 ～ 199,2025年08月,１．２ カルト,1200,,赤,AC NV TV AW SR
フィアット,５００Ｃ 3D 2WD,2017,ＡＴ,8,31212,5 - すごくきれい,100 ～ 102,2025年08月,１．２ ポップ,1200,8.4,白,AC NV TV AW
フィアット,５００ 3D 2WD,2018,ＡＴ,42,31209,5 - すごくきれい,108 ～ 111,2025年08月,ツインエア ラウンジ,,9.4,白,900 AC NV TV AW SR 革
フィアット,５００ 3D 2WD,2020,ＡＴ,22,31209,5 - すごくきれい,128 ～ 133,2025年08月,ツインエア ポップ,,,白,900 AC NV TV AW SR 革
フィアット,５００ 3D 2WD,2013,ＡＴ,54,31209,4 - きれい,54 ～ 60,2025年08月,スティレ,,8.4,グレー,900 AC AW SR 革
フィアット,５００ 2WD,2010,ＡＴ,97,31212,3 - 普通,0 ～ 3,2025年08月,,1200,,赤,AC NV TV AW
フィアット,５００ 3D 2WD,2019,ＡＴ,85,31212,4 - きれい,26 ～ 29,2025年08月,Ｌグリーン,1200,8.2,,AC AW SR 革
フィアット,５００ 3D 2WD,2020,ＡＴ,22,31209,5 - すごくきれい,140 ～ 143,2025年08月,ツインエア ポップ,,,白,900 AC NV TV
フィアット,パンダ 3D 4WD,1994,５ＭＴ,142,F153A2,-1 - 修復歴あり,17 ～ 20,2025年08月,,1100,,シルバー,４×４
フィアット,５００ 3D 2WD,2019,ＡＴ,33,31212,3 - 普通,67 ～ 72,2025年08月,１．２ ポップ,1200,,,AC AW
フィアット,５００Ｓ 3D 2WD,2013,５ＭＴ,29,31209,5 - すごくきれい,94 ～ 100,2025年08月,ツインエア,,8.7,白,900 AC NV TV AW
フィアット,５００Ｘ 5D 2WD,2022,ＡＴ,35,33413PM,5 - すごくきれい,127 ～ 129,2025年08月,スポーツ,1300,8.12,青,AC AW 革
フィアット,５００ 2WD,2009,ＡＴ,44,31212,4 - きれい,4 ～ 9,2025年08月,,1200,9.5,白,AC AW
フィアット,５００ 3D 2WD,2013,ＡＴ,39,31209,4 - きれい,29 ～ 32,2025年08月,ツインエア ポップ,,8.6,白,900 AC NV TV AW SR 革
フィアット,５００ 3D 2WD,2013,ＡＴ,61,31209,4 - きれい,19 ～ 23,2025年08月,ツインエア スポーツ,,8.6,紺,900 AC NV TV AW SR 革
フィアット,５００ 3D 2WD,2019,ＡＴ,24,31212,3 - 普通,124 ～ 129,2025年08月,コレッツィオーネ,1200,8.5,赤,AC NV TV AW
フィアット,５００ 3D 2WD,2015,ＡＴ,35,31209,4 - きれい,17 ～ 22,2025年08月,ツインエア ポップ,,7.10,白,900 AC AW SR 革
フィアット,５００ 3D 2WD,2014,ＡＴ,66,31212,3 - 普通,6 ～ 8,2025年08月,１．２ ポップ,1200,,赤,AC AW SR
フィアット,５００ 3D 2WD,2021,ＡＴ,52,31212,5 - すごくきれい,105 ～ 110,2025年08月,１．２ ポップ,1200,,白,AC AW SR
フィアット,５００Ｘ 2WD,2020,ＡＴ,58,4 - きれい,107 ～ 112,nan,2025年08月,,1300,,黒,AC AW SR 革
フィアット,５００ 3D 2WD,2016,ＡＴ,55,31209,4 - きれい,30 ～ 35,2025年08月,ツインエア ポップ,,,赤,900 AC NV TV AW SR 革
フィアット,５００ 2WD,2013,ＡＴ,69,31209,4 - きれい,13 ～ 16,2025年08月,,,,ピンク,900 AC NV TV AW
フィアット,５００ 3D 2WD,2019,ＡＴ,59,31212,5 - すごくきれい,63 ～ 67,2025年08月,スーパーポップ チェントヴェンティ,1200,8.7,白,AC
フィアット,５００Ｃ 3D 2WD,2014,ＡＴ,84,31212,3 - 普通,21 ～ 25,2025年08月,１．２ ポップ,1200,,白,AC NV TV AW
フィアット,５００ 3D 2WD,2021,ＡＴ,40,31209,-1 - 修復歴あり,48 ～ 52,2025年08月,ツインエア ポップ,,7.11,白,900 AC NV TV AW SR
フィアット,５００Ｘ 5D 2WD,2016,ＡＴ,44,33414,4 - きれい,38 ～ 41,2025年08月,ポップスター プラス,1400,8.1,ベージュ,AC 革
フィアット,５００Ｃ 2WD,2010,ＡＴ,57,31214,5 - すごくきれい,16 ～ 20,2025年08月,,1400,,パール,AC NV TV AW SR
フィアット,パンダ 5D 2WD,2016,ＡＴ,44,13909,3 - 普通,13 ～ 17,2025年08月,イージー,,,オレンジ,900 AC
フィアット,５００ 3D 2WD,2017,ＡＴ,49,31212,5 - すごくきれい,84 ～ 88,2025年08月,アッラモーダ,1200,8.9,茶,AC AW SR 革
フィアット,５００ 3D 2WD,2010,ＡＴ,76,31214,4 - きれい,14 ～ 16,2025年08月,１．４ １６Ｖ スポーツ,1400,8.2,青,AC
フィアット,パンダ 5D 4WD,2014,６ＭＴ,93,13909,4 - きれい,13 ～ 17,2025年08月,Ｄグリーン,,,,900 AC AW
フィアット,５００ 3D 2WD,2020,ＡＴ,17,31209,5 - すごくきれい,197 ～ 201,2025年08月,イレジスティービレ,,9.2,ピンク,900 AC NV TV AW SR 革
フィアット,５００ 3D 2WD,2016,ＡＴ,99,31212,4 - きれい,17 ～ 19,2025年08月,１．２ ポップ,1200,,白,AC AW
フィアット,５００ 3D 2WD,2012,ＡＴ,52,31209,3 - 普通,8 ～ 12,2025年08月,ツインエア ポップ,,,白,900 AC NV TV AW SR 革
フィアット,５００ 3D 2WD,2015,ＡＴ,56,31212,4 - きれい,22 ～ 27,2025年08月,１．２ ポップ,1200,8.8,白,AC SR
フィアット,ニューパンダ 5D 2WD,2010,ＡＴ,110,16912,3 - 普通,3 ～ 5,2025年08月,ベースグレード,1200,,赤,AC
フィアット,５００ 3D 2WD,2018,ＡＴ,47,31212,5 - すごくきれい,84 ～ 87,2025年08月,トロピカーレ,1200,7.12,ピンク,AC NV TV AW SR
フィアット,５００ 3D 2WD,2015,ＡＴ,40,31212,4 - きれい,30 ～ 34,2025年08月,１．２ ポップ,1200,7.11,白,AC NV TV AW SR
フィアット,５００ 3D 2WD,2010,ＡＴ,130,31212,4 - きれい,1 ～ 5,2025年08月,ハッピー！ １．２ ８Ｖ,1200,,,AC AW SR
フィアット,５００Ｓ 3D 2WD,2013,５ＭＴ,54,31209,4 - きれい,40 ～ 45,2025年08月,ツインエア,,,赤,900 AC NV TV AW
フィアット,５００Ｓ 3D 2WD,2014,５ＭＴ,120,31209,4 - きれい,20 ～ 23,2025年08月,ツインエア,,,青,900 AC NV TV AW
フィアット,パンダ 5D 2WD,2015,ＡＴ,81,13909,4 - きれい,3 ～ 7,2025年08月,イージー,,,ベージュ,900 AC
フィアット,５００ 3D 2WD,2019,ＡＴ,25,31212,5 - すごくきれい,90 ～ 96,2025年08月,１．２ ポップ,1200,8.10,赤,AC NV TV AW
フィアット,５００Ｘ 5D 2WD,2021,ＡＴ,26,33413PM,5 - すごくきれい,153 ～ 156,2025年08月,スポーツ,1300,,グレー,AC AW 革
フィアット,５００ 3D 2WD,2018,ＡＴ,79,31212,5 - すごくきれい,26 ～ 31,2025年08月,トロピカーレ,1200,,赤,AC AW SR 革
フィアット,５００ 3D 2WD,2019,ＡＴ,13,31212,4 - きれい,100 ～ 103,2025年08月,１．２ ポップ,1200,8.10,赤,AC NV TV AW SR
フィアット,５００Ｃ 3D 2WD,2010,ＡＴ,91,31212,4 - きれい,2 ～ 6,2025年08月,１．２ ８Ｖ ポップ,1200,,,AC AW SR 革
フィアット,５００ 3D 2WD,2017,ＡＴ,54,31212,4 - きれい,40 ～ 46,2025年08月,１．２ ポップ,1200,8.8,白,AC AW
フィアット,５００ 3D 2WD,2010,ＡＴ,93,31214,3 - 普通,1 ～ 7,2025年08月,１．４ １６Ｖ ラウンジ,1400,7.7,白,AC AW SR
フィアット,５００ 3D 2WD,2014,ＡＴ,51,31212,4 - きれい,16 ～ 21,2025年08月,１．２ ポップ,1200,8.2,赤,AC NV TV AW
フィアット,パンダ 5D 2WD,2014,ＡＴ,127,13909,4 - きれい,2 ～ 5,2025年08月,イージー,,,赤,900 AC NV TV AW
フィアット,５００ 3D 2WD,2022,ＡＴ,56,31212,5 - すごくきれい,80 ～ 83,2025年08月,１．２ カルト,1200,9.4,赤,AC NV TV AW SR 革
フィアット,５００Ｘ 5D 2WD,2015,ＡＴ,38,33414,4 - きれい,33 ～ 37,2025年08月,ポップスター プラス,1400,8.9,赤,AC AW 革
フィアット,パンダ 5D 2WD,2018,ＡＴ,46,13909,4 - きれい,9 ～ 14,2025年08月,イージー,,,赤,900 AC NV TV AW
フィアット,パンダ 5D 2WD,2015,ＡＴ,82,13909,4 - きれい,4 ～ 8,2025年08月,イージー,,8.11,赤,900 AC AW
フィアット,５００Ｓ 3D 2WD,2015,５ＭＴ,105,31209,4 - きれい,39 ～ 43,2025年08月,ツインエア,,8.10,青,900 AC NV TV AW SR 革
フィアット,５００Ｘ 5D 2WD,2018,ＡＴ,48,33414,5 - すごくきれい,64 ～ 70,2025年08月,ポップスター プラス,1400,,ベージュ,AC AW 革
フィアット,５００ 3D 2WD,2021,ＡＴ,32,31212,5 - すごくきれい,130 ～ 135,2025年08月,１．２ ポップ,1200,7.12,赤,AC NV TV AW SR
フィアット,５００ 3D 2WD,2020,ＡＴ,42,31212,5 - すごくきれい,112 ～ 114,2025年08月,１．２ ポップ,1200,8.2,白,AC NV TV AW 革
フィアット,５００ 3D 2WD,2016,ＡＴ,65,31212,3 - 普通,13 ～ 19,2025年08月,１．２ ポップ,1200,,赤,AC
フィアット,５００ 3D 2WD,2021,ＡＴ,4,31212,3 - 普通,124 ～ 126,2025年08月,１．２ カルト,1200,,オレンジ,AC AW SR
フィアット,５００Ｘ 5D 2WD,2017,ＡＴ,50,33414,4 - きれい,51 ～ 54,2025年08月,ポップスター プラス,1400,8.4,白,AC AW 革
フィアット,５００Ｃ 3D 2WD,2019,ＡＴ,21,31212,5 - すごくきれい,92 ～ 95,2025年08月,１．２ ポップ,1200,,赤,AC AW 革
フィアット,５００ 2WD,2017,ＡＴ,61,31212,4 - きれい,36 ～ 42,2025年08月,,1200,7.12,赤,AC
フィアット,５００ 2WD,2020,ＡＴ,16,31209,4 - きれい,116 ～ 118,2025年08月,,,,白,900 AC AW SR
フィアット,５００ 3D 2WD,2021,ＡＴ,21,31212,5 - すごくきれい,128 ～ 134,2025年08月,１．２ ポップ,1200,8.7,白,AC
フィアット,５００Ｘ 5D 2WD,2015,ＡＴ,57,33414,4 - きれい,38 ～ 41,2025年08月,ポップスター プラス,1400,8.12,ベージュ,AC NV TV AW SR 革
フィアット,５００ 3D 2WD,2018,ＡＴ,40,31212,5 - すごくきれい,132 ～ 134,2025年08月,アイボリー,1200,9.3,,AC AW SR
フィアット,５００Ｘ 2WD,2017,ＡＴ,63,33414,5 - すごくきれい,51 ～ 56,2025年08月,,1400,,ベージュ,AC NV TV AW SR 革
フィアット,５００ 3D 2WD,2014,ＡＴ,58,31209,4 - きれい,11 ～ 14,2025年08月,ジェラート,,,黄,900 AC AW SR
フィアット,５００ 3D 2WD,2021,ＡＴ,41,31209,-1 - 修復歴あり,28 ～ 34,2025年08月,ツインエア ポップ,,7.11,白,900 AC NV TV AW SR
フィアット,５００ 3D 2WD,2023,ＡＴ,25,31209,5 - すごくきれい,216 ～ 221,2025年08月,ツインエア ドルチェヴィータ,,7.12,白,900 AC NV TV AW SR 革
フィアット,５００ 3D 2WD,2013,ＡＴ,129,31209,-1 - 修復歴あり,3 ～ 7,2025年08月,ツインエア ラウンジ,,,,900 AC NV TV AW
フィアット,５００Ｘ 5D 2WD,2016,ＡＴ,46,33414,4 - きれい,39 ～ 44,2025年08月,ポップスター プラス,1400,9.2,青,AC NV TV AW SR 革
フィアット,５００Ｘ 5D 2WD,2022,ＡＴ,29,33413PM,5 - すごくきれい,135 ～ 141,2025年08月,コンフォート,1300,7.11,白,AC NV TV AW SR 革
フィアット,５００Ｘ 5D 2WD,2018,ＡＴ,81,33414,5 - すごくきれい,38 ～ 40,2025年08月,ポップスター プラス,1400,,白,AC AW SR 革
フィアット,５００Ｘ 5D 2WD,2021,ＡＴ,14,33413PM,5 - すごくきれい,195 ～ 200,2025年07月,グランビスタ,1300,8.5,,AC AW SR 革
フィアット,５００Ｃ 3D 2WD,2010,ＡＴ,80,31214,4 - きれい,16 ～ 22,2025年07月,１．４ １６Ｖ ラウンジ,1400,,パール,AC AW SR
フィアット,５００Ｘ 5D 2WD,2021,ＡＴ,25,33413PM,5 - すごくきれい,140 ～ 143,2025年07月,スポーツ,1300,8.8,赤,AC NV TV AW SR 革
フィアット,５００ 3D 2WD,2021,ＡＴ,19,31209,5 - すごくきれい,187 ～ 190,2025年07月,ツインエア カルト,,8.8,白,900 AC AW SR 革
フィアット,５００ 3D 2WD,2016,ＡＴ,90,31209,4 - きれい,32 ～ 36,2025年07月,ツインエア ポップ,,,白,900 AC NV TV AW SR 革
フィアット,５００ 2WD,2020,ＡＴ,27,31212,5 - すごくきれい,135 ～ 140,2025年07月,,1200,7.11,白,AC NV TV AW SR 革
フィアット,５００Ｃ 3D 2WD,2010,ＡＴ,106,31212,3 - 普通,2 ～ 5,2025年07月,１．２ ８Ｖ ポップ,1200,,,AC NV TV AW SR
フィアット,５００ 3D 2WD,2011,ＡＴ,91,31212,4 - きれい,25 ～ 27,2025年07月,バイ グッチ,1200,9.3,パール,AC NV TV AW SR 革
フィアット,ニューバルケッタ オープン 2WD,2005,５ＭＴ,97,18318,4 - きれい,27 ～ 31,2025年07月,ベースグレード,1800,,黒,AC 革
フィアット,５００ 3D 2WD,2010,ＡＴ,127,31212,4 - きれい,3 ～ 7,2025年07月,１．２ ８Ｖ ポップ,1200,,白,AC AW SR 革
フィアット,５００ 2WD,2010,ＡＴ,60,31214,-1 - 修復歴あり,1 ～ 6,2025年07月,,1400,,赤,AC AW
フィアット,５００ 3D 2WD,2016,ＡＴ,52,31212,5 - すごくきれい,62 ～ 65,2025年07月,１．２ ポップ,1200,,,AC NV TV
フィアット,５００ 3D 2WD,2022,ＡＴ,21,31209,5 - すごくきれい,230 ～ 236,2025年07月,ツインエア ドルチェヴィータ,,9.2,白,900 AC NV TV AW SR 革
フィアット,５００ 3D 2WD,2009,ＡＴ,33,4 - きれい,59 ～ 63,nan,2025年07月,１．４ １６Ｖ ラウンジ,1400,,青,AC NV TV AW SR
フィアット,５００ 3D 2WD,2008,ＡＴ,77,31212,4 - きれい,4 ～ 6,2025年07月,１．２ ８Ｖ ラウンジ,1200,,,AC NV TV AW SR
フィアット,パンダ 5D 4WD,2019,６ＭＴ,50,13909,5 - すごくきれい,80 ～ 85,2025年07月,４×４イタリアーナ,,8.2,赤,900 AC AW
フィアット,５００ 3D 2WD,2014,ＡＴ,34,31209,4 - きれい,34 ～ 39,2025年07月,ペッレ,,7.12,白,900 AC NV TV AW SR 革
フィアット,５００ 2WD,2017,ＡＴ,48,31212,4 - きれい,63 ～ 66,2025年07月,,1200,8.9,ワイン,AC NV TV AW SR 革
フィアット,５００ 3D 2WD,2016,ＡＴ,20,31209,4 - きれい,102 ～ 106,2025年07月,ジェニオ,,7.8,グレー,900 AC NV TV AW SR 革
フィアット,５００ 3D 2WD,2020,ＡＴ,50,31212,5 - すごくきれい,90 ～ 96,2025年07月,１．２ ポップ,1200,,赤,AC NV TV SR 革
フィアット,５００ 3D 2WD,2015,ＡＴ,38,31212,4 - きれい,27 ～ 29,2025年07月,ジャッラ,1200,8.9,黄,AC AW
フィアット,５００ 3D 2WD,2015,ＡＴ,96,31212,3 - 普通,14 ～ 17,2025年07月,１．２ ポップ,1200,,白,AC NV TV AW
フィアット,５００ 3D 2WD,2010,５ＭＴ,186,31212,3 - 普通,8 ～ 11,2025年07月,１．２ スポーツ,1200,,白,AC NV TV AW SR 革
フィアット,パンダ 3D 2WD,1999,ＡＴ,79,141AKA,2 - 修復必要,19 ～ 23,2025年07月,オートマチックセレクタ,1100,,青,AC
フィアット,５００ 2WD,2011,ＡＴ,157,31212,3 - 普通,0 ～ 5,2025年07月,,1200,7.9,白,AC
フィアット,５００ 3D 2WD,2019,ＡＴ,28,31209,5 - すごくきれい,130 ～ 133,2025年07月,ツインエア ポップ,,,白,900 AC AW SR 革
フィアット,パンダ 5D 2WD,2022,ＡＴ,38,13909,5 - すごくきれい,100 ～ 105,2025年07月,イージー,,9.5,グレー,900 AC NV TV
フィアット,５００ 3D 2WD,2018,ＡＴ,29,31212,5 - すごくきれい,90 ～ 94,2025年07月,１．２ ポップ,1200,7.10,赤,AC AW SR
フィアット,パンダ 5D 2WD,2014,ＡＴ,72,13909,3 - 普通,5 ～ 10,2025年07月,イージー,,9.1,青,900 AC AW
フィアット,５００Ｓ 3D 2WD,2013,５ＭＴ,71,31209,4 - きれい,41 ～ 43,2025年07月,ツインエア,,,グレー,900 AC NV TV AW SR 革
フィアット,５００ 3D 2WD,2018,ＡＴ,49,31209,4 - きれい,40 ～ 44,2025年07月,ツインエア ポップ,,,白,900 AC NV TV
フィアット,５００ 3D 2WD,2014,ＡＴ,66,31212,4 - きれい,4 ～ 10,2025年07月,１．２ ポップ,1200,8.7,赤,AC NV TV AW SR 革
フィアット,５００ 3D 2WD,2019,ＡＴ,42,31212,4 - きれい,77 ～ 82,2025年07月,１．２ ポップ,1200,8.3,白,AC NV TV AW SR 革
フィアット,５００ 3D 2WD,2014,ＡＴ,79,31209,4 - きれい,7 ～ 11,2025年07月,ツインエア ラウンジ,,,赤,900 AC AW SR
フィアット,５００Ｃ 3D 2WD,2017,ＡＴ,97,31209,3 - 普通,24 ～ 26,2025年07月,ツインエア ラウンジ,,,白,900 AC NV TV AW SR 革
フィアット,５００ 3D 2WD,2012,ＡＴ,60,31209,3 - 普通,10 ～ 16,2025年07月,ツインエア スポーツ,,9.5,,900 AC NV TV AW SR
フィアット,５００ 3D 2WD,2013,ＡＴ,40,31212,4 - きれい,17 ～ 23,2025年07月,１．２ ポップ,1200,,白,AC AW SR
フィアット,パンダ 5D 2WD,2016,ＡＴ,59,13909,4 - きれい,15 ～ 19,2025年07月,イージー,,,ベージュ,900 AC AW
フィアット,５００ 3D 2WD,2018,ＡＴ,112,31212,3 - 普通,14 ～ 18,2025年07月,１．２ ポップ,1200,9.4,白,AC NV TV AW
フィアット,５００ 3D 2WD,2011,ＡＴ,107,31209,4 - きれい,4 ～ 9,2025年07月,ツインエア ラウンジ,,,白,900 AC NV TV AW SR
フィアット,プント 5D 2WD,2012,ＡＴ,47,199144,3 - 普通,3 ～ 8,2025年07月,,1400,,緑,AC AW
フィアット,５００ 3D 2WD,2014,ＡＴ,62,31209,4 - きれい,15 ～ 19,2025年07月,ツインエア ラウンジ,,9.5,パール,900 AC NV TV AW SR
フィアット,５００ 3D 2WD,2017,ＡＴ,46,31209,5 - すごくきれい,57 ～ 63,2025年07月,ツインエア ポップ,,8.8,,900 AC NV TV AW SR
フィアット,５００ 2WD,2015,ＡＴ,126,31209,4 - きれい,4 ～ 7,2025年07月,,,,パール,900 AC AW
フィアット,パンダ 5D 4WD,2014,６ＭＴ,89,13909,4 - きれい,8 ～ 11,2025年07月,Ｄグリーン,,,,900 AC AW
フィアット,５００ 3D 2WD,2017,ＡＴ,197,31209,3 - 普通,4 ～ 10,2025年07月,ツインエア ラウンジ,,8.7,,900 AC AW SR 革
フィアット,５００ 3D 2WD,2013,ＡＴ,75,31209,4 - きれい,4 ～ 9,2025年07月,ツインエア ポップ,,8.6,白,900 AC
フィアット,５００ 3D 2WD,2020,ＡＴ,24,31212,5 - すごくきれい,122 ～ 125,2025年07月,１．２ ポップ,1200,,赤,AC
フィアット,５００ 3D 2WD,2010,ＡＴ,74,31212,3 - 普通,10 ～ 14,2025年07月,１．２ ポップ,1200,8.4,グレー,AC
フィアット,５００ 3D 2WD,2021,ＡＴ,30,31212,5 - すごくきれい,109 ～ 114,2025年07月,１．２ ポップ,1200,8.6,白,AC NV TV AW SR 革
フィアット,パンダ 5D 2WD,2021,ＡＴ,57,13909,5 - すごくきれい,50 ～ 54,2025年07月,イージー,,8.6,白,900 AC NV TV AW SR 革
フィアット,５００Ｘ 5D 2WD,2021,ＡＴ,30,33413PM,5 - すごくきれい,182 ～ 184,2025年07月,グランビスタ,1300,8.7,青,AC NV TV AW SR 革
フィアット,５００ 3D 2WD,2020,ＡＴ,21,31212,5 - すごくきれい,163 ～ 165,2025年07月,１．２ ポップ,1200,9.4,緑,AC 革
フィアット,５００ 3D 2WD,2020,ＡＴ,47,31212,5 - すごくきれい,115 ～ 120,2025年07月,ミモザ,1200,7.4,黄,AC
フィアット,５００ 3D 2WD,2020,ＡＴ,17,31212,5 - すごくきれい,137 ～ 141,2025年07月,１．２ ポップ,1200,7.9,白,AC
フィアット,５００ 3D 2WD,2015,ＡＴ,24,31212,4 - きれい,46 ～ 50,2025年07月,メンティーナ,1200,8.2,緑,AC AW SR
フィアット,５００Ｓ 3D 2WD,2014,５ＭＴ,164,31209,3 - 普通,7 ～ 11,2025年07月,ツインエア,,,グレー,900 AC NV TV AW SR 革
フィアット,５００ 3D 2WD,2011,ＡＴ,74,31209,3 - 普通,3 ～ 6,2025年07月,ツインエア ポップ,,,,900 AC
フィアット,５００ 3D 2WD,2011,ＡＴ,62,31209,3 - 普通,10 ～ 14,2025年07月,マジェンタ,,9.1,ピンク,900 AC AW
フィアット,５００ 3D 2WD,2022,ＡＴ,19,31209,5 - すごくきれい,220 ～ 223,2025年07月,スポーツ,,,青,900 AC AW SR 革
フィアット,パンダ 5D 2WD,2020,ＡＴ,15,13909,4 - きれい,68 ～ 71,2025年07月,イージー,,,青,900 AC AW
フィアット,５００ 3D 2WD,2018,ＡＴ,15,31212,4 - きれい,115 ～ 120,2025年07月,トロピカーレ,1200,,赤,AC NV TV AW SR
フィアット,５００Ｃ 3D 2WD,2019,ＡＴ,35,31212,5 - すごくきれい,111 ～ 115,2025年07月,スーパーイタリアン,1200,,白,AC NV TV AW 革
フィアット,５００Ｘ 5D 2WD,2016,ＡＴ,158,33414,3 - 普通,12 ～ 14,2025年07月,ポップスター,1400,,青,AC AW 革
フィアット,パンダ 5D 4WD,2017,６ＭＴ,75,13909,5 - すごくきれい,43 ～ 49,2025年07月,４×４,,8.11,緑,900 AC NV TV AW
フィアット,プント 5D 2WD,2011,ＡＴ,66,199144,4 - きれい,10 ～ 14,2025年07月,,1400,,白,AC NV TV AW SR 革
フィアット,５００ 3D 2WD,2014,ＡＴ,69,31212,4 - きれい,18 ～ 23,2025年07月,１．２ スーパーポップ バースデイエディション,1200,,白,AC
フィアット,５００ 3D 2WD,2018,ＡＴ,95,31209,5 - すごくきれい,36 ～ 40,2025年07月,ツインエア ラウンジ,,9.1,白,900 AC NV TV AW SR
フィアット,５００ 3D 2WD,2012,ＡＴ,78,31212,4 - きれい,13 ～ 17,2025年07月,バイ グッチ,1200,,黒,AC AW 革
フィアット,パンダ 5D 2WD,2024,ＡＴ,5,13909,5 - すごくきれい,172 ～ 177,2025年07月,イージー,,8.12,グレー,900 AC
フィアット,５００ 2WD,2020,ＡＴ,30,31212,-1 - 修復歴あり,59 ～ 62,2025年07月,,1200,7.7,白,AC
フィアット,５００Ｘ 5D 4WD,2018,ＡＴ,35,33414,5 - すごくきれい,141 ～ 144,2025年07月,エクストリーム,1400,7.12,黒,AC AW 革
フィアット,５００ 3D 2WD,2020,ＡＴ,38,31212,5 - すごくきれい,148 ～ 152,2025年07月,ミモザ,1200,,黄,AC NV TV
フィアット,パンダ 5D 4WD,2022,６ＭＴ,21,13909,5 - すごくきれい,196 ～ 201,2025年07月,ストリート４×４,,9.4,グレー,900 AC NV TV AW
フィアット,５００Ｌ 5D 2WD,2014,ＡＴ,28,4 - きれい,69 ～ 74,nan,2025年07月,トレッキング,1300,7.6,,AC NV TV AW SR 革
フィアット,５００ 3D 2WD,2021,ＡＴ,9,31212,5 - すごくきれい,169 ～ 174,2025年07月,１．２ ポップ,1200,8.9,緑,AC
フィアット,５００ 3D 2WD,2015,ＡＴ,26,31209,3 - 普通,6 ～ 11,2025年07月,ツインエア ポップ,,8.12,グレー,900 AC AW
フィアット,５００ 3D 2WD,2014,ＡＴ,69,31209,4 - きれい,14 ～ 20,2025年07月,ツインエア ポップ,,,赤,900 AC
フィアット,５００Ｘ 5D 2WD,2021,ＡＴ,11,33413PM,5 - すごくきれい,148 ～ 151,2025年07月,スポーツ,1300,8.4,グレー,AC AW 革
フィアット,５００ 3D 2WD,2013,ＡＴ,91,31209,3 - 普通,5 ～ 8,2025年07月,ツインエア ポップ,,7.12,グレー,900 AC
フィアット,５００Ｘ 5D 2WD,2021,ＡＴ,26,33413PM,4 - きれい,147 ～ 153,2025年07月,クロス,1300,,ベージュ,AC AW 革
フィアット,５００ 2WD,2015,ＡＴ,83,31209,4 - きれい,25 ～ 28,2025年07月,,,9.1,黄,900 AC AW SR 革
フィアット,５００Ｘ 5D 2WD,2022,ＡＴ,23,33413PM,4 - きれい,95 ～ 100,2025年07月,コンフォート,1300,,白,AC AW 革
フィアット,５００ 3D 2WD,2023,ＡＴ,16,31209,5 - すごくきれい,207 ～ 211,2025年07月,ツインエア ドルチェヴィータ,,7.12,白,900 AC SR
フィアット,５００Ｃ 3D 2WD,2020,ＡＴ,21,31209,4 - きれい,153 ～ 157,2025年07月,ツインエア ラウンジ,,,白,900 AC NV TV AW SR 革
フィアット,パンダ 3D 2WD,1994,ＡＴ,215,F141B3,3 - 普通,25 ～ 29,2025年07月,Ｌグリーン,1100,7.9,,ＣＬＸ
フィアット,パンダ 5D 2WD,2020,ＡＴ,72,13909,3 - 普通,13 ～ 18,2025年07月,イージー,,7.12,白,900 AC AW
フィアット,５００ 3D 2WD,2020,ＡＴ,30,31212,5 - すごくきれい,126 ～ 130,2025年07月,１．２ ポップ,1200,7.8,白,AC
フィアット,５００ 3D 2WD,2020,ＡＴ,51,31209,4 - きれい,94 ～ 96,2025年07月,ツインエア ポップ,,,緑,900 AC
フィアット,５００ 3D 2WD,2010,ＡＴ,59,31214,4 - きれい,9 ～ 12,2025年07月,１．４ １６Ｖ スポーツ,1400,8.12,青,AC AW
フィアット,５００ 3D 2WD,2013,ＡＴ,28,31209,4 - きれい,19 ～ 22,2025年07月,ツインエア ポップ,,8.2,赤,900 AC
フィアット,５００ 3D 2WD,2015,ＡＴ,76,31209,-1 - 修復歴あり,18 ～ 21,2025年07月,ツインエア ポップ,,8.9,白,900 AC
フィアット,５００Ｘ 5D 2WD,2016,ＡＴ,79,33414,4 - きれい,33 ～ 39,2025年07月,ポップスター,1400,,白,AC NV TV AW
フィアット,５００Ｃ 3D 2WD,2011,ＡＴ,89,31209,4 - きれい,3 ～ 7,2025年07月,ツインエア ラウンジ,,8.6,赤,900 AC SR
フィアット,５００Ｃ 3D 2WD,2020,ＡＴ,34,31212,5 - すごくきれい,157 ～ 159,2025年07月,１２０ｔｈタキシード,1200,9.8,パール,AC NV TV AW SR 革
フィアット,５００ 3D 2WD,2020,ＡＴ,39,31209,5 - すごくきれい,138 ～ 141,2025年07月,ツインエア ラウンジ,,9.1,パール,900 AC NV TV AW SR
フィアット,５００ 3D 2WD,2011,ＡＴ,82,31209,4 - きれい,6 ～ 11,2025年07月,ツインエア ラウンジ,,,白,900 AC SR
フィアット,５００ 2WD,2014,ＡＴ,83,31212,4 - きれい,11 ～ 14,2025年07月,,1200,7.12,白,AC
フィアット,５００Ｘ 5D 4WD,2019,ＡＴ,68,33414,4 - きれい,103 ～ 108,2025年07月,クロス プラス,1400,8.10,グレー,AC NV TV AW 革
フィアット,５００ 3D 2WD,2013,ＡＴ,102,31209,4 - きれい,7 ～ 11,2025年07月,ツインエア ラウンジ,,8.6,赤,900 AC AW SR
フィアット,プントエヴォ 5D 2WD,2012,ＡＴ,15,199144,4 - きれい,5 ～ 11,2025年07月,ベースグレード,1400,,青,AC NV TV AW SR 革
フィアット,５００ 3D 2WD,2016,ＡＴ,59,31209,4 - きれい,17 ～ 21,2025年07月,ツインエア ラウンジ,,8.12,白,900 AC AW SR
フィアット,５００ 2WD,2018,ＡＴ,74,31212,5 - すごくきれい,22 ～ 26,2025年07月,,1200,,白,AC 革
フィアット,５００ 2WD,2014,ＡＴ,89,31212,3 - 普通,2 ～ 6,2025年07月,,1200,,白,AC
フィアット,５００ 3D 2WD,2012,ＡＴ,64,31212,4 - きれい,14 ～ 20,2025年07月,１．２ ラウンジ,1200,9.4,白,AC SR
フィアット,５００Ｃ 3D 2WD,2012,ＡＴ,71,31209,3 - 普通,11 ～ 17,2025年07月,ヴォラーレ,,7.11,青,900 AC AW 革
フィアット,５００ 2WD,2017,ＡＴ,53,31212,4 - きれい,62 ～ 65,2025年07月,,1200,8.10,ワイン,AC SR 革
フィアット,５００ 2WD,2011,ＡＴ,125,31209,3 - 普通,1 ～ 4,2025年07月,ライトブルー,,,,900 AC
フィアット,ニューパンダ 5D 2WD,2006,ＡＴ,96,16912,3 - 普通,2 ～ 7,2025年07月,ベースグレード,1200,8.9,青,AC NV TV AW SR 革
フィアット,５００ 3D 2WD,2017,ＡＴ,37,31212,4 - きれい,40 ～ 44,2025年07月,スーパーポップ チャオ,1200,8.1,赤,AC NV TV
フィアット,５００ 2WD,2012,ＡＴ,99,31209,4 - きれい,1 ～ 4,2025年07月,,,,白,900 AC
フィアット,５００ 3D 2WD,2016,ＡＴ,92,31212,4 - きれい,16 ～ 20,2025年07月,１．２ ポップ,1200,,白,AC
フィアット,５００ 3D 2WD,2018,ＡＴ,56,31212,5 - すごくきれい,44 ～ 48,2025年07月,スーパーポップ チョコムーエディション,1200,,白,AC
フィアット,５００ 3D 2WD,2012,ＡＴ,55,31209,4 - きれい,9 ～ 14,2025年07月,ツインエア スポーツ,,,黄,900 AC AW
フィアット,５００ 3D 2WD,2011,ＡＴ,88,31209,3 - 普通,0 ～ 3,2025年07月,ツインエア ラウンジ,,,白,900 AC SR
フィアット,５００ 3D 2WD,2013,ＡＴ,66,31209,3 - 普通,7 ～ 11,2025年07月,スティレ,,8.4,パープル,900 AC NV TV AW SR 革
フィアット,５００Ｃ 3D 2WD,2017,ＡＴ,88,31209,4 - きれい,28 ～ 31,2025年07月,ツインエア ラウンジ,,,白,900 AC NV TV AW SR
フィアット,５００ 3D 2WD,2010,ＡＴ,48,31212,4 - きれい,9 ～ 13,2025年07月,１．２ ８Ｖ ポップ,1200,,白,AC
フィアット,５００ 3D 2WD,2015,ＡＴ,60,31212,5 - すごくきれい,32 ～ 37,2025年07月,メントルザータ,1200,8.2,,AC AW 革
フィアット,５００Ｘ 5D 2WD,2018,ＡＴ,76,33414,5 - すごくきれい,37 ～ 41,2025年07月,ポップスター プラス,1400,8.2,白,AC AW 革
フィアット,５００ 3D 2WD,2020,５ＭＴ,70,31209,5 - すごくきれい,101 ～ 104,2025年07月,マヌアーレ・ピゥ・チエロ,,,緑,900 AC AW SR 革
フィアット,パンダ 5D 2WD,2014,ＡＴ,83,13909,5 - すごくきれい,6 ～ 10,2025年07月,イージー,,7.10,ベージュ,900 AC AW
フィアット,５００ 3D 2WD,2009,ＡＴ,64,31212,3 - 普通,2 ～ 6,2025年07月,１．２ ８Ｖ ポップバニライエロー,1200,,黄,AC
フィアット,パンダ 5D 4WD,2014,６ＭＴ,119,13909,4 - きれい,12 ～ 15,2025年07月,４×４,,,緑,900 AC AW
フィアット,５００ 3D 2WD,2012,ＡＴ,38,31212,4 - きれい,19 ～ 21,2025年07月,１．２ ポップ,1200,,,AC 革
フィアット,５００Ｘ 5D 2WD,2017,ＡＴ,130,33414,4 - きれい,26 ～ 30,2025年07月,ブラックタイ,1400,8.5,黒,AC AW 革
フィアット,５００ 3D 2WD,2011,ＡＴ,125,31212,4 - きれい,2 ～ 6,2025年07月,１．２ ポップ,1200,,白,AC
フィアット,５００ 3D 2WD,2022,ＡＴ,4,31212,5 - すごくきれい,200 ～ 203,2025年07月,１．２ ドルチェ,1200,8.1,白,AC AW SR
フィアット,５００Ｘ 5D 2WD,2020,ＡＴ,18,33413PM,5 - すごくきれい,133 ～ 138,2025年07月,スポーツ,1300,,赤,AC AW 革
フィアット,５００Ｘ 5D 2WD,2018,ＡＴ,63,33414,4 - きれい,19 ～ 23,2025年07月,ポップスター プラス,1400,,黄,AC NV TV AW 革
フィアット,５００Ｓ 3D 2WD,2013,５ＭＴ,178,31209,3 - 普通,3 ～ 7,2025年07月,ベースグレード,,,グレー,900 AC
フィアット,５００ 3D 2WD,2023,ＡＴ,1,31209,5 - すごくきれい,198 ～ 202,2025年07月,ツインエア カルト,,9.2,白,900 AC AW SR
フィアット,５００Ｘ 5D 2WD,2016,ＡＴ,43,33414,5 - すごくきれい,62 ～ 65,2025年07月,ポップスター プラス,1400,,青,AC NV TV AW 革
フィアット,５００ 3D 2WD,2020,ＡＴ,101,31209,4 - きれい,35 ～ 39,2025年07月,ツインエア ポップ,,7.7,白,900 AC
フィアット,５００ 3D 2WD,2021,ＡＴ,13,31212,5 - すごくきれい,148 ～ 152,2025年07月,１．２ カルト,1200,,赤,AC
フィアット,５００Ｃ 3D 2WD,2017,ＡＴ,54,31212,4 - きれい,42 ～ 46,2025年07月,１．２ ポップ,1200,,赤,AC AW SR
フィアット,５００ 3D 2WD,2017,ＡＴ,63,31212,4 - きれい,23 ～ 27,2025年07月,スーパーポップ １０ｔｈアニバーサリー,1200,8.2,赤,AC
フィアット,５００Ｓ 3D 2WD,2014,５ＭＴ,17,31209,4 - きれい,67 ～ 70,2025年07月,ツインエア,,,白,900 AC
フィアット,５００ 3D 2WD,2020,ＡＴ,17,31212,5 - すごくきれい,174 ～ 179,2025年07月,ミモザ,1200,,黄,AC SR
フィアット,パンダ 5D 2WD,2022,ＡＴ,12,13909,5 - すごくきれい,145 ～ 149,2025年07月,イージー,,,グレー,900 AC
フィアット,５００ 3D 2WD,2014,ＡＴ,59,31209,4 - きれい,20 ～ 22,2025年07月,ジェラート,,7.8,黄,900 AC AW
フィアット,５００Ｃ 3D 2WD,2015,ＡＴ,88,31209,4 - きれい,8 ～ 14,2025年07月,ツインエア ラウンジ,,,赤,900 AC NV TV AW SR 革
フィアット,５００ 2WD,2021,ＡＴ,25,31212,5 - すごくきれい,155 ～ 160,2025年07月,Ｌグリーン,1200,,,AC
フィアット,５００ 3D 2WD,2019,ＡＴ,65,31212,5 - すごくきれい,63 ～ 69,2025年07月,１．２ ポップ,1200,8.5,白,AC AW SR 革
フィアット,５００ 2WD,2008,ＡＴ,39,31212,5 - すごくきれい,12 ～ 15,2025年07月,,1200,7.10,青,AC NV TV AW SR
フィアット,５００ 3D 2WD,2014,ＡＴ,45,31209,5 - すごくきれい,38 ～ 41,2025年07月,ペッレ,,,ベージュ,900 AC AW 革
フィアット,５００ 3D 2WD,2013,ＡＴ,120,31209,3 - 普通,2 ～ 5,2025年07月,ツインエア ポップ,,,,900 AC NV TV
フィアット,５００ 3D 2WD,2011,ＡＴ,60,31212,3 - 普通,3 ～ 5,2025年07月,１．２ ポップ,1200,,白,AC
フィアット,５００ 3D 2WD,2017,ＡＴ,42,31209,4 - きれい,79 ～ 83,2025年07月,ツインエア ポップ,,8.3,,900 AC AW 革
フィアット,５００ 3D 2WD,2015,ＡＴ,72,31209,4 - きれい,17 ～ 21,2025年07月,ツインエア ポップ,,8.10,白,900 AC AW SR
フィアット,５００ 3D 2WD,2013,ＡＴ,43,31212,4 - きれい,27 ～ 30,2025年07月,パステロ,1200,,ベージュ,AC
フィアット,５００ 2WD,2012,ＡＴ,77,31212,3 - 普通,2 ～ 7,2025年07月,,1200,,赤,AC AW SR
フィアット,５００ 3D 2WD,2017,ＡＴ,33,31209,5 - すごくきれい,93 ～ 96,2025年07月,ツインエア ポップ,,8.2,黄,900 AC NV TV AW
フィアット,５００Ｃ 3D 2WD,2020,ＡＴ,13,31212,5 - すごくきれい,158 ～ 162,2025年07月,１２０ｔｈタキシード,1200,,白,AC NV TV AW SR 革
フィアット,５００ 3D 2WD,2016,ＡＴ,46,31212,5 - すごくきれい,74 ～ 76,2025年07月,コラーロ,1200,,赤,AC NV TV AW SR
フィアット,５００Ｘ 5D 4WD,2016,ＡＴ,108,33414,4 - きれい,23 ～ 27,2025年07月,クロス プラス,1400,7.12,白,AC AW 革
フィアット,５００Ｘ 2WD,2017,ＡＴ,66,33414,3 - 普通,25 ～ 28,2025年07月,,1400,,赤,AC AW 革
フィアット,５００ 3D 2WD,2020,ＡＴ,14,31212,5 - すごくきれい,136 ～ 140,2025年07月,１．２ ポップ,1200,9.4,白,AC AW SR 革
フィアット,５００ 3D 2WD,2013,ＡＴ,47,31209,3 - 普通,13 ～ 17,2025年07月,ツインエア ラウンジ,,8.8,,900 AC
フィアット,５００ 3D 2WD,2016,ＡＴ,76,31209,3 - 普通,19 ～ 23,2025年07月,ツインエア ポップ,,,黄,900 AC AW
フィアット,５００Ｃ 3D 2WD,2016,ＡＴ,8,31209,5 - すごくきれい,121 ～ 123,2025年07月,ツインエア ラウンジ,,,白,900 AC NV TV AW
フィアット,５００Ｃ 3D 2WD,2016,ＡＴ,75,31212,4 - きれい,42 ～ 47,2025年07月,１．２ ポップ,1200,9.7,白,AC NV TV AW
フィアット,５００Ｘ 5D 2WD,2021,ＡＴ,79,33413PM,5 - すごくきれい,99 ～ 102,2025年07月,クロス,1300,,ベージュ,AC AW 革
フィアット,５００Ｃ 3D 2WD,2011,ＡＴ,59,31212,5 - すごくきれい,83 ～ 89,2025年07月,バイ グッチ,1200,,パール,AC NV TV AW SR 革
フィアット,パンダ 5D 2WD,2013,ＡＴ,33,13909,4 - きれい,13 ～ 17,2025年07月,イージー,,8.8,オレンジ,900 AC
フィアット,５００ 3D 2WD,2023,ＡＴ,11,31212,4 - きれい,118 ～ 123,2025年07月,１．２ カルト,1200,,グレー,AC NV TV AW SR
フィアット,５００ 3D 2WD,2011,ＡＴ,94,31209,3 - 普通,5 ～ 11,2025年07月,ツインエア ポップ,,8.11,白,900 AC SR
フィアット,５００Ｃ 3D 2WD,2022,ＡＴ,38,31209,5 - すごくきれい,155 ～ 158,2025年07月,ツインエア ドルチェヴィータ,,,白,900 AC AW SR 革
フィアット,５００Ｘ 5D 2WD,2016,ＡＴ,86,33414,4 - きれい,28 ～ 33,2025年07月,ポップスター プラス,1400,,ベージュ,AC NV TV AW 革
フィアット,５００ 3D 2WD,2019,ＡＴ,26,31209,5 - すごくきれい,200 ～ 204,2025年07月,イレジスティービレ,,9.1,ピンク,900 AC AW SR 革
フィアット,５００ 3D 2WD,2020,ＡＴ,23,31212,4 - きれい,101 ～ 104,2025年07月,１．２ ポップ,1200,,赤,AC
フィアット,５００ 2WD,2014,ＡＴ,54,31212,4 - きれい,17 ～ 20,2025年07月,,1200,,パール,AC
フィアット,５００Ｃ 3D 2WD,2024,ＡＴ,6,31212,5 - すごくきれい,263 ～ 267,2025年07月,グランデ ブル,1200,9.4,青,AC AW 革
フィアット,５００ 3D 2WD,2021,ＡＴ,28,31212,4 - きれい,115 ～ 119,2025年07月,１．２ ポップ,1200,9.1,緑,AC AW
フィアット,パンダ 5D 2WD,2020,ＡＴ,34,13909,4 - きれい,88 ～ 93,2025年07月,コンフォート,,,グレー,900 AC AW
フィアット,５００Ｘ 5D 2WD,2022,ＡＴ,27,33413PM,5 - すごくきれい,168 ～ 171,2025年07月,インフィニート,1300,,白,AC AW 革
フィアット,５００ 3D 2WD,2010,ＡＴ,80,31212,-1 - 修復歴あり,4 ～ 7,2025年07月,１．２ ラウンジ,1200,,,AC AW SR
フィアット,５００ 3D 2WD,2015,ＡＴ,25,31209,4 - きれい,17 ～ 21,2025年07月,ツインエア ポップ,,,赤,900 AC NV TV
フィアット,５００ 2WD,2010,ＡＴ,25,31212,4 - きれい,6 ～ 9,2025年07月,,1200,7.12,白,AC
フィアット,５００ 2WD,2018,ＡＴ,29,31212,3 - 普通,54 ～ 56,2025年07月,,1200,8.3,赤,AC AW
フィアット,５００ 2WD,2018,ＡＴ,107,31212,4 - きれい,19 ～ 23,2025年07月,,1200,,白,AC 革
フィアット,５００Ｘ 5D 2WD,2016,ＡＴ,76,33414,3 - 普通,18 ～ 21,2025年07月,ポップスター,1400,,赤,AC
フィアット,５００Ｃ 3D 2WD,2013,ＡＴ,40,31209,4 - きれい,70 ～ 75,2025年07月,オーソレミオ,,8.9,黄,900 AC NV TV AW 革
フィアット,５００Ｃ 3D 2WD,2016,ＡＴ,71,31212,3 - 普通,26 ～ 31,2025年07月,１．２ ポップ,1200,,白,AC NV TV AW SR
フィアット,５００ 3D 2WD,2012,ＡＴ,132,31209,4 - きれい,3 ～ 7,2025年07月,ツインエア ポップ,,,白,900 AC
フィアット,５００ 3D 2WD,2012,ＡＴ,57,31212,4 - きれい,37 ～ 41,2025年07月,バイ グッチ,1200,,パール,AC AW 革
フィアット,５００ 3D 2WD,2014,ＡＴ,45,31209,4 - きれい,4 ～ 10,2025年07月,ツインエア ラウンジ,,,白,900 AC SR 革
フィアット,５００ 2WD,2021,ＡＴ,12,31212,5 - すごくきれい,150 ～ 154,2025年07月,,1200,8.9,緑,AC AW
フィアット,５００Ｘ 5D 2WD,2017,ＡＴ,40,33414,5 - すごくきれい,86 ～ 90,2025年07月,ポップスター プラス,1400,8.7,白,AC NV TV AW 革
フィアット,５００Ｃ 3D 2WD,2012,ＡＴ,97,31209,3 - 普通,5 ～ 8,2025年07月,ツインエア ラウンジ,,,,900 AC NV TV AW SR 革
フィアット,５００ 3D 2WD,2019,ＡＴ,6,31209,4 - きれい,138 ～ 141,2025年07月,ユニセックス,,7.12,ワイン,900 AC AW SR 革
フィアット,５００Ｃ 3D 2WD,2010,ＡＴ,18,31212,3 - 普通,36 ～ 39,2025年07月,１．２ ポップ,1200,8.10,白,AC AW SR
フィアット,５００ 3D 2WD,2015,ＡＴ,42,31212,5 - すごくきれい,60 ～ 64,2025年07月,メンティーナ,1200,8.5,緑,AC AW SR
フィアット,５００Ｓ 3D 2WD,2013,５ＭＴ,176,31209,3 - 普通,6 ～ 11,2025年07月,ベースグレード,,,グレー,900 AC AW
フィアット,５００Ｃ 3D 2WD,2019,ＡＴ,36,31212,5 - すごくきれい,99 ～ 102,2025年07月,スーパーイタリアン,1200,,白,AC NV TV AW SR
フィアット,５００ 2WD,2018,ＡＴ,60,31212,4 - きれい,27 ～ 31,2025年07月,,1200,,白,AC
フィアット,５００ 3D 2WD,2017,ＡＴ,23,31212,5 - すごくきれい,65 ～ 70,2025年07月,スーパーポップ チャオ,1200,7.12,白,AC NV TV
フィアット,５００ 3D 2WD,2015,ＡＴ,79,31212,5 - すごくきれい,22 ～ 25,2025年07月,１．２ ポップ,1200,,,AC AW
フィアット,５００ 2WD,2013,ＡＴ,61,31212,5 - すごくきれい,6 ～ 9,2025年07月,,1200,,白,AC NV TV AW SR 革
フィアット,５００Ｘ 2WD,2016,ＡＴ,63,33414,4 - きれい,40 ～ 43,2025年07月,,1400,,白,AC AW
フィアット,５００ 3D 2WD,2013,ＡＴ,53,31212,3 - 普通,3 ～ 8,2025年07月,１．２ ポップ,1200,,白,AC AW 革
フィアット,５００ 3D 2WD,2008,ＡＴ,92,31214,4 - きれい,5 ～ 9,2025年07月,１．４ １６Ｖ ラウンジ,1400,,白,AC AW
フィアット,５００ 2WD,2014,ＡＴ,93,31212,3 - 普通,3 ～ 7,2025年07月,,1200,,白,AC AW SR 革
フィアット,５００ 3D 2WD,2014,ＡＴ,66,31209,4 - きれい,0 ～ 6,2025年07月,ジェラート,,,黄,900 AC AW SR
フィアット,５００ 3D 2WD,2010,ＡＴ,48,31214,4 - きれい,4 ～ 7,2025年07月,１．４ １６Ｖ ラウンジ,1400,,白,AC SR
フィアット,５００ 3D 2WD,2012,ＡＴ,101,31209,3 - 普通,2 ～ 4,2025年07月,ツインエア ポップ,,,白,900 AC AW SR
フィアット,５００ 2WD,2012,ＡＴ,193,31212,3 - 普通,2 ～ 5,2025年07月,,1200,,白,AC
フィアット,５００ 3D 2WD,2022,ＡＴ,5,31209,5 - すごくきれい,242 ～ 246,2025年07月,ツインエア ドルチェヴィータ,,7.9,白,900 AC NV TV AW SR
フィアット,５００Ｘ 5D 2WD,2015,ＡＴ,88,33414,4 - きれい,21 ～ 24,2025年07月,ポップスター プラス,1400,,赤,AC AW 革
フィアット,パンダ 5D 2WD,2020,ＡＴ,35,13909,5 - すごくきれい,100 ～ 103,2025年07月,コンフォート,,,グレー,900 AC NV TV AW
フィアット,５００Ｃ 2WD,2024,ＡＴ,1,31212,5 - すごくきれい,218 ～ 221,2025年07月,,1200,9.11,オレンジ,AC AW SR 革
フィアット,５００ 2WD,2017,ＡＴ,20,31212,5 - すごくきれい,76 ～ 81,2025年07月,,1200,,白,AC AW SR 革
フィアット,５００Ｘ 5D 2WD,2016,ＡＴ,112,33414,-1 - 修復歴あり,18 ～ 22,2025年07月,ポップスター プラス,1400,,赤,AC AW 革
フィアット,５００Ｘ 5D 4WD,2016,ＡＴ,41,33414,5 - すごくきれい,116 ～ 120,2025年07月,イエロークロス,1400,,黄,AC AW 革
フィアット,５００Ｘ 5D 2WD,2021,ＡＴ,21,33413PM,5 - すごくきれい,151 ～ 155,2025年07月,スポーツ,1300,,グレー,AC AW 革
フィアット,５００Ｃ 3D 2WD,2010,ＡＴ,41,31212,5 - すごくきれい,25 ～ 31,2025年07月,１．２ ポップ,1200,,白,AC NV TV AW SR 革
フィアット,５００ 3D 2WD,2017,ＡＴ,43,31212,5 - すごくきれい,50 ～ 55,2025年07月,スーパーポップ チャオ,1200,8.9,白,AC SR
フィアット,５００ 3D 2WD,2021,ＡＴ,9,31212,5 - すごくきれい,173 ～ 177,2025年07月,１．２ カルト,1200,8.9,白,AC
フィアット,デュカト 2WD,2020,ＡＴ,55,4 - きれい,499 ～ 502,nan,2025年07月,,2200,8.2,白,AC NV TV AW SR 革
フィアット,５００ 2WD,2018,ＡＴ,20,31212,5 - すごくきれい,128 ～ 131,2025年07月,,1200,,オレンジ,AC NV TV SR
フィアット,パンダ 5D 2WD,2014,ＡＴ,32,13909,4 - きれい,9 ～ 14,2025年07月,,,,青,900 AC
フィアット,パンダ 5D 2WD,2013,ＡＴ,69,13909,4 - きれい,5 ～ 7,2025年07月,イージー,,,ベージュ,900 AC NV TV AW
フィアット,プント 3D 2WD,2002,５ＭＴ,110,188A6,4 - きれい,17 ～ 23,2025年07月,,1800,,黄,AC AW
フィアット,プントエヴォ 5D 2WD,2011,ＡＴ,102,199144,3 - 普通,2 ～ 8,2025年07月,ベースグレード,1400,,赤,AC AW
フィアット,５００ 3D 2WD,2012,ＡＴ,63,31209,4 - きれい,14 ～ 18,2025年07月,クレミーノ,,,ベージュ,900 AC NV TV AW SR
フィアット,５００ 3D 2WD,2015,ＡＴ,67,31212,4 - きれい,15 ～ 20,2025年07月,１．２ ポップ,1200,8.7,白,AC
フィアット,５００Ｃ 2WD,2019,ＡＴ,21,31209,5 - すごくきれい,181 ～ 185,2025年07月,,,8.9,白,900 AC NV TV AW SR 革
フィアット,５００Ｘ 5D 4WD,2016,ＡＴ,99,33414,3 - 普通,30 ～ 34,2025年07月,クロス プラス,1400,,緑,AC AW 革
フィアット,５００Ｃ 3D 2WD,2022,ＡＴ,29,31209,5 - すごくきれい,172 ～ 174,2025年07月,ツインエア ドルチェヴィータ,,9.4,白,900 AC NV TV AW SR 革
フィアット,５００ 3D 2WD,2021,ＡＴ,28,31212,5 - すごくきれい,113 ～ 118,2025年07月,１．２ ポップ,1200,8.7,白,AC
フィアット,５００ 3D 2WD,2009,ＡＴ,67,31214,4 - きれい,15 ～ 17,2025年07月,バイ ディーゼル,1400,,緑,AC NV TV AW SR
フィアット,５００ 3D 2WD,2019,ＡＴ,39,31209,5 - すごくきれい,100 ～ 103,2025年07月,ツインエア ポップ,,8.9,赤,900 AC AW
フィアット,５００ 3D 2WD,2018,ＡＴ,73,31209,5 - すごくきれい,47 ～ 49,2025年07月,ツインエア ラウンジ,,9.4,白,900 AC AW SR 革
フィアット,５００ 3D 2WD,2017,ＡＴ,57,31212,5 - すごくきれい,54 ～ 56,2025年07月,１．２ ポップ,1200,8.6,赤,AC NV TV AW SR
フィアット,５００ 3D 2WD,2012,ＡＴ,62,31209,4 - きれい,11 ～ 16,2025年07月,ツインエア ポップ,,,青,900 AC SR
フィアット,５００ 2WD,2015,ＡＴ,39,31212,4 - きれい,26 ～ 30,2025年07月,,1200,,白,AC AW SR
フィアット,５００ 3D 2WD,2019,ＡＴ,59,31212,5 - すごくきれい,60 ～ 64,2025年07月,スーパーポップ チェントヴェンティ,1200,8.6,白,AC AW 革
フィアット,５００Ｘ 5D 2WD,2017,ＡＴ,98,33414,3 - 普通,0 ～ 3,2025年07月,ポップスター プラス,1400,,ベージュ,AC
フィアット,５００ 3D 2WD,2018,ＡＴ,93,31209,4 - きれい,25 ～ 30,2025年07月,ツインエア ラウンジ,,,白,900 AC NV TV AW SR
フィアット,５００ 3D 2WD,2020,ＡＴ,28,31209,5 - すごくきれい,168 ～ 174,2025年07月,ツインエア ポップ,,7.10,,900 AC AW 革
フィアット,パンダ 2WD,2014,６ＭＴ,93,13909,4 - きれい,36 ～ 42,2025年07月,,,7.11,白,900 AC AW
フィアット,パンダ 2WD,2016,６ＭＴ,83,13909,-1 - 修復歴あり,23 ～ 26,2025年07月,,,,緑,900 AC
フィアット,パンダ 5D 2WD,2014,ＡＴ,104,13909,4 - きれい,4 ～ 8,2025年07月,イージー,,,ベージュ,900 AC AW
フィアット,５００Ｃ 3D 2WD,2023,ＡＴ,6,31209,5 - すごくきれい,235 ～ 239,2025年07月,ツインエア ドルチェヴィータ,,7.12,オレンジ,900 AC AW 革
フィアット,５００ 3D 2WD,2021,ＡＴ,6,31212,5 - すごくきれい,151 ～ 154,2025年07月,１．２ カルト,1200,8.7,白,AC AW SR 革
フィアット,５００Ｘ 5D 2WD,2022,ＡＴ,23,33413PM,5 - すごくきれい,140 ～ 144,2025年07月,ベースグレード,1300,,ベージュ,AC AW
フィアット,５００ 2WD,2018,ＡＴ,55,31212,5 - すごくきれい,34 ～ 37,2025年07月,,1200,,青,AC NV TV AW SR
フィアット,５００Ｘ 5D 2WD,2018,ＡＴ,75,33414,4 - きれい,30 ～ 36,2025年07月,ポップスター プラス,1400,7.9,赤,AC AW 革
フィアット,５００Ｓ 3D 2WD,2014,５ＭＴ,164,31209,3 - 普通,23 ～ 26,2025年07月,ツインエア,,8.3,白,900 AC AW
フィアット,５００ 3D 2WD,2021,ＡＴ,10,31209,5 - すごくきれい,160 ～ 164,2025年07月,ツインエア ラウンジ,,8.1,赤,900 AC AW SR
フィアット,５００ 3D 2WD,2008,ＡＴ,101,31214,3 - 普通,2 ～ 5,2025年07月,１．４ １６Ｖ ポップ,1400,,白,AC AW
フィアット,５００Ｘ 5D 2WD,2021,ＡＴ,7,33413PM,5 - すごくきれい,180 ～ 182,2025年07月,クロス,1300,7.12,白,AC AW 革
フィアット,５００ 2WD,2017,ＡＴ,76,31212,3 - 普通,29 ～ 31,2025年07月,,1200,8.12,赤,AC
フィアット,５００Ｓ 3D 2WD,2013,５ＭＴ,75,31209,4 - きれい,36 ～ 41,2025年07月,ツインエア,,,,900 AC 革
フィアット,５００ 3D 2WD,2015,ＡＴ,72,31209,3 - 普通,5 ～ 10,2025年07月,ツインエア ポップ,,,白,900 AC
フィアット,５００ 3D 2WD,2019,ＡＴ,7,31209,5 - すごくきれい,176 ～ 180,2025年07月,ユニセックス,,7.12,グレー,900 AC NV TV AW SR 革
フィアット,５００ 2WD,2012,ＡＴ,78,31212,3 - 普通,4 ～ 9,2025年07月,,1200,,赤,AC
フィアット,５００ 3D 2WD,2020,ＡＴ,30,31209,5 - すごくきれい,121 ～ 125,2025年07月,ツインエア ラウンジ,,,赤,900 AC AW SR 革